battery_power,dual_sim,fc,four_g,int_memory,mobile_wt,n_cores,pc,ram,wifi,price_range
842,0,1,0,7,188,2,2,2549,1,1
1021,1,0,1,53,136,3,6,2631,0,2
563,1,2,1,41,145,5,6,2603,0,2
615,0,0,0,10,131,6,9,2769,0,2
1821,0,13,1,44,141,2,14,1411,0,1
1859,1,3,0,22,164,1,7,1067,0,1
1821,0,4,1,10,139,8,10,3220,1,3
1954,1,0,0,24,187,4,0,700,1,0
1445,0,0,0,53,174,7,14,1099,0,0
509,1,2,1,9,93,5,15,513,0,0
769,1,0,0,9,182,5,1,3946,0,3
1520,0,5,1,33,177,8,18,3826,1,3
1815,0,2,0,33,159,4,17,1482,0,1
803,0,7,0,17,198,4,11,2680,1,2
1866,0,13,1,52,185,1,17,373,1,0
775,0,3,0,46,159,2,16,568,1,0
838,0,1,1,13,196,8,4,3554,1,3
595,1,7,1,23,121,3,17,3752,0,3
1131,1,11,0,49,101,5,18,1835,0,1
682,0,4,0,19,121,4,11,2337,1,1
772,1,12,0,39,81,7,14,2819,0,3
1709,0,1,0,13,156,2,2,3283,0,3
1949,1,4,0,47,199,4,7,1433,1,1
1602,1,4,1,38,114,3,20,1037,0,0
503,1,5,1,8,111,3,13,2583,0,1
961,1,0,1,57,114,8,3,2782,1,2
519,1,7,1,51,132,4,19,3763,1,3
956,0,1,1,41,143,7,6,3286,0,3
1453,1,12,1,52,96,2,18,2373,1,2
851,0,3,0,21,200,5,7,478,1,0
1579,1,0,0,5,88,7,9,3532,1,3
1568,0,16,0,33,150,8,20,508,1,0
1319,0,3,1,41,107,1,18,2227,1,1
1310,1,0,1,51,100,4,0,3845,0,3
644,0,0,0,22,157,8,3,1262,0,0
725,1,16,0,60,160,8,17,1326,0,1
589,1,1,0,61,160,4,10,2113,1,1
1725,1,6,1,6,119,2,18,3429,0,3
790,1,16,1,11,87,6,17,3169,1,2
560,1,15,0,50,159,2,20,2150,0,2
1347,0,5,0,44,132,1,14,2484,1,2
1646,0,8,1,41,185,2,10,3339,0,3
1253,1,5,1,5,152,2,19,1878,0,1
1656,0,5,1,34,166,3,7,1629,0,1
1195,0,1,1,20,110,2,14,504,0,0
1514,0,0,0,27,118,3,1,1152,1,1
1723,1,1,0,42,164,8,14,3587,0,3
1054,1,3,1,40,196,7,10,2296,1,1
578,1,2,1,57,162,8,8,1270,1,0
596,1,9,0,64,111,8,15,3238,0,3
1547,1,2,1,14,198,3,19,2059,1,2
1760,1,5,0,63,127,8,19,2053,0,2
1654,1,0,1,43,109,2,0,3112,0,3
1457,1,1,1,16,102,3,10,1440,1,1
1073,1,0,0,51,145,7,0,2908,0,2
1936,1,10,1,46,104,3,20,2552,0,2
823,1,13,0,60,148,8,19,905,1,0
987,1,0,1,61,107,3,9,3963,1,3
1757,0,8,0,49,180,6,14,2056,0,1
1063,1,2,1,48,128,5,4,2910,1,2
1484,0,3,0,12,134,3,5,1457,0,1
799,0,1,1,63,144,8,6,431,1,0
1156,1,0,1,50,159,2,0,470,0,0
1720,0,15,1,55,168,2,18,2148,1,2
702,1,2,1,9,141,3,3,2955,0,2
616,1,13,1,44,81,3,17,3366,0,3
1358,0,11,1,36,155,4,14,3068,0,3
1866,0,0,0,30,182,3,0,3834,0,3
1242,1,0,0,10,165,2,1,1050,1,0
1166,1,0,1,43,80,4,1,3993,0,3
1448,1,6,1,45,138,7,11,3378,1,3
1407,0,1,1,22,104,4,4,2192,1,2
605,0,8,1,9,142,3,16,392,0,0
1038,0,3,0,43,141,1,5,3709,1,3
797,1,4,0,38,90,4,6,590,0,0
819,1,8,1,42,188,6,20,1814,1,1
1114,0,4,1,9,197,3,15,907,0,0
1234,1,1,0,33,172,1,3,1449,1,0
1199,1,15,1,16,116,4,20,3448,1,3
1103,1,6,0,29,111,6,8,1837,1,1
1589,1,0,1,58,85,7,7,3464,1,3
999,1,11,1,64,199,4,19,2593,0,2
1510,1,2,0,45,180,5,3,3484,1,3
1008,0,11,0,61,114,3,15,2009,0,1
1127,1,5,1,57,163,1,13,2048,1,1
1412,0,5,0,25,96,8,17,837,1,1
1496,1,4,0,42,182,5,5,854,1,0
1083,1,1,1,64,178,3,11,3210,0,3
668,1,0,0,3,155,5,13,2746,1,2
1309,1,0,0,33,100,4,14,2334,1,2
1724,1,2,1,57,177,3,5,2822,0,3
1977,1,7,1,54,171,7,18,1971,0,2
885,1,0,1,15,103,7,0,1410,1,0
879,0,11,1,14,83,6,15,349,1,0
1322,1,6,0,7,140,3,9,1418,0,1
1137,0,18,0,7,196,3,19,3616,1,3
1355,0,10,1,23,132,5,16,880,0,0
1665,0,3,1,60,194,6,18,1601,0,2
657,0,0,0,37,141,2,1,1412,0,0
593,0,6,0,31,156,7,7,1692,0,1
1883,0,3,1,10,146,6,13,2600,0,3
1732,0,4,1,12,119,8,9,1308,1,1
543,0,0,0,57,192,5,4,2413,0,1
1939,1,0,1,55,199,4,10,1047,0,0
553,1,1,1,8,121,7,3,1204,1,0
832,1,2,1,39,103,4,3,1799,1,1
1661,1,5,0,23,172,5,10,2676,1,3
1657,0,3,0,42,198,5,16,2597,0,3
1135,1,0,0,46,83,1,4,3029,1,3
1775,0,3,0,41,163,1,7,2343,1,3
783,1,0,1,43,106,3,4,2016,0,1
617,0,0,0,32,199,7,20,2213,0,1
867,1,0,1,4,135,6,1,790,0,0
1310,1,13,0,7,194,5,14,3182,0,2
1804,0,9,1,22,153,7,19,3472,1,3
1900,0,1,1,18,89,7,9,2871,1,3
909,0,0,0,53,82,8,0,3187,0,2
1084,0,3,1,40,107,3,11,1945,0,1
1308,1,8,0,46,199,1,12,488,0,0
1778,0,0,0,15,102,3,0,1214,0,1
1701,1,3,0,10,194,8,7,2598,0,2
772,1,1,1,10,80,4,2,3242,0,3
825,1,7,0,52,130,3,10,3534,0,3
1379,0,5,1,36,200,2,7,3426,1,3
1166,0,3,1,25,198,5,4,2488,0,2
1659,0,5,0,16,89,1,20,3255,1,3
826,1,0,1,58,88,4,1,2863,1,2
1564,0,4,1,25,189,6,17,1496,1,1
1957,1,11,0,31,181,3,16,3801,1,3
1571,0,0,1,19,100,6,1,666,0,0
1414,1,2,0,54,99,7,3,3799,1,3
1790,1,9,0,2,184,1,14,1366,1,1
645,0,1,0,41,197,7,10,2962,1,2
668,1,7,0,30,195,8,12,2399,1,1
1652,1,1,0,36,89,4,5,2338,0,2
1213,0,0,0,16,108,5,0,2700,1,2
1272,1,0,0,22,133,6,8,2235,0,1
866,1,5,1,46,179,8,7,3825,1,3
536,1,12,1,3,182,7,14,284,0,0
523,1,1,0,14,155,8,2,1427,0,0
1753,1,0,1,31,134,1,18,1324,1,2
1218,1,1,1,14,147,3,4,398,0,0
1537,0,4,1,43,137,1,5,3685,1,3
786,1,0,0,33,141,7,6,2390,1,2
1678,0,3,1,64,134,3,11,278,0,0
1814,1,1,1,9,141,2,2,3556,0,3
1101,0,0,0,31,148,2,7,2196,1,1
1461,1,3,1,40,141,7,4,3799,0,3
1216,0,4,0,47,199,3,7,2268,1,2
506,0,6,1,41,159,1,7,2965,0,2
843,0,1,1,56,147,5,17,2341,1,1
742,1,4,0,56,190,7,14,3557,1,3
1692,0,3,1,61,176,6,12,1354,0,1
1485,0,2,1,32,84,2,9,2147,0,2
1547,1,6,0,45,166,2,8,505,1,0
1692,1,4,1,46,139,1,6,1394,0,1
637,0,3,1,60,97,4,4,374,1,0
1224,0,16,1,6,109,6,18,506,1,0
1356,0,0,0,29,198,6,0,3702,0,3
1840,1,12,0,34,142,1,16,1078,0,1
1481,1,4,1,37,96,5,13,2945,1,2
961,1,10,0,51,152,6,16,2981,1,2
1296,1,0,1,14,124,5,3,490,1,0
1193,0,11,0,26,166,1,20,536,1,0
1441,1,11,1,3,118,8,17,2317,1,2
517,1,3,1,33,183,4,8,3704,1,3
748,0,0,1,27,150,8,4,2126,0,1
1126,0,2,1,10,160,6,3,2050,1,2
1572,0,0,1,58,157,7,8,2462,0,3
1569,1,17,0,44,110,4,20,1260,0,1
1270,1,2,1,32,101,7,6,3770,0,3
1854,0,2,1,8,101,5,5,1886,0,1
625,1,5,1,10,183,4,8,3323,1,2
1577,1,0,1,42,197,5,4,2060,0,2
534,1,0,1,16,189,5,1,3926,0,3
946,1,8,1,25,143,6,15,2177,1,2
685,0,2,0,29,93,7,10,728,1,0
1949,1,0,0,23,101,5,1,2478,0,3
947,1,0,1,22,197,2,13,2842,0,2
801,1,2,0,63,165,7,4,1617,1,1
703,0,12,1,30,113,1,20,1472,0,0
1165,0,11,0,41,178,6,12,764,0,0
1082,0,0,0,38,198,8,5,2337,1,2
959,1,15,0,20,84,4,19,3965,0,3
1502,0,0,0,54,138,5,12,3693,0,3
1380,1,1,1,4,92,3,13,797,0,0
1266,0,0,1,5,95,6,9,1687,0,2
1934,1,0,1,46,103,1,17,2940,1,3
1905,0,3,1,6,151,1,5,1545,0,1
1831,1,2,0,43,150,5,5,3834,1,3
596,0,8,0,46,165,1,18,2505,0,1
1562,1,1,1,7,190,5,15,2243,0,2
1490,1,4,1,64,150,8,8,3600,1,3
1523,0,5,1,57,117,2,6,3971,1,3
640,0,0,0,20,163,4,15,2844,0,2
1526,0,1,1,23,117,7,8,2227,0,2
1989,1,0,1,41,94,3,13,1665,1,2
1308,0,0,1,61,106,3,7,3355,1,3
609,0,3,0,26,93,4,4,1866,1,1
1905,1,9,1,36,119,3,20,1287,0,1
1703,0,0,1,22,192,1,0,1046,1,0
1445,1,7,1,20,173,7,15,1441,1,1
1087,0,0,1,16,166,3,9,690,1,0
671,1,10,0,30,105,7,17,2504,0,2
1472,0,6,0,61,168,6,19,2677,0,2
765,1,0,1,47,115,8,1,2243,1,2
1642,1,16,1,8,171,6,17,2984,1,2
1265,0,7,0,49,182,5,16,1362,1,1
664,1,1,1,51,110,7,4,3629,1,3
1277,1,0,1,35,142,6,6,3559,0,3
1395,1,0,0,23,111,3,1,2571,1,2
1539,0,0,0,41,159,8,0,2107,1,2
1049,0,9,0,63,135,5,17,1022,0,0
1827,0,4,1,39,128,5,16,2844,0,2
903,1,0,1,50,91,1,0,711,0,0
1987,0,3,1,53,181,3,7,3117,1,3
1154,1,0,1,49,181,8,2,978,1,0
1336,0,5,1,17,194,5,9,1869,1,1
1886,0,0,1,24,112,3,1,1179,1,1
1551,0,4,0,51,88,5,6,3844,0,3
850,1,6,1,29,133,5,19,593,1,0
660,0,5,1,40,111,2,10,588,1,0
1225,1,8,0,13,116,4,12,3836,0,3
1452,1,1,1,25,123,6,11,2669,0,2
1686,1,3,0,38,166,4,4,2958,0,3
1634,0,1,1,17,200,2,5,3031,1,3
1708,1,18,1,49,109,1,19,3388,1,3
1151,1,0,0,31,128,8,1,2377,0,2
1578,1,2,1,37,138,4,19,2458,1,2
1689,0,17,0,24,127,3,18,2766,1,3
1488,0,1,0,39,112,5,6,3054,0,3
1313,1,4,0,9,105,1,6,3791,1,3
1715,1,4,1,31,83,8,17,625,0,0
1442,1,0,0,27,192,3,19,2227,0,1
528,0,12,1,6,142,2,15,3256,0,2
1523,0,6,1,11,129,1,8,707,0,0
1133,0,3,0,42,199,5,12,1457,1,1
1718,1,14,1,6,183,5,16,3755,1,3
1330,0,0,0,38,183,7,1,1733,1,1
1799,0,0,0,49,107,4,2,720,1,0
633,0,0,1,49,139,8,1,3560,1,2
724,1,0,0,44,187,7,0,2311,0,2
822,0,0,1,51,157,6,20,3846,0,3
1918,0,2,0,10,110,5,10,1717,1,2
1891,0,7,1,37,129,7,14,3704,0,3
1373,1,2,0,50,127,7,12,3800,0,3
862,1,3,0,23,165,2,15,278,1,0
1273,0,3,1,48,99,4,15,1767,0,1
957,0,4,0,7,107,5,10,1846,1,1
1617,1,3,1,30,105,2,4,829,0,0
893,1,0,0,55,183,2,1,2986,1,2
1210,0,0,0,63,93,5,0,2394,0,2
708,1,0,1,63,195,8,7,2169,1,1
835,1,2,0,7,101,4,7,1181,1,0
1450,1,9,0,19,131,1,17,575,0,0
973,0,5,1,57,190,7,16,2977,0,2
601,0,4,1,4,154,4,13,532,1,0
507,1,1,0,32,141,7,11,1702,1,1
564,1,0,1,51,168,3,1,1074,0,0
1559,1,6,1,6,162,6,17,3352,1,3
754,1,7,1,59,178,7,10,1027,0,1
728,1,0,0,25,88,4,1,2039,1,1
1431,0,0,1,56,191,1,1,461,0,0
767,0,4,0,28,175,4,10,527,0,0
1722,0,8,0,18,177,2,16,3271,1,3
1992,0,5,1,57,100,2,15,606,1,1
1876,0,10,1,40,86,6,14,2513,0,3
1054,1,10,1,38,136,6,12,1675,1,1
1283,1,4,0,47,93,5,5,2698,0,2
1281,1,0,0,28,148,1,6,1129,0,1
1066,0,2,1,7,114,7,18,468,0,0
730,1,0,1,4,89,8,2,1210,1,0
1053,1,7,1,45,103,1,12,3086,1,3
1611,1,11,0,3,98,3,14,1595,1,1
793,1,5,1,30,133,2,15,2332,1,2
1220,0,3,0,62,125,4,8,2589,1,2
1662,0,0,1,61,126,4,13,3760,1,3
1281,1,3,1,8,144,4,19,1851,0,1
538,0,12,1,2,177,7,13,417,1,0
823,0,0,0,39,187,8,4,294,1,0
1733,0,3,1,36,119,6,20,3576,0,3
1429,1,0,1,40,100,3,14,3945,1,3
1839,0,9,1,54,200,7,11,927,1,1
659,0,6,1,6,110,3,7,2044,1,1
1953,1,7,0,56,158,8,9,2334,0,2
1172,0,0,1,27,164,1,3,1477,0,1
612,1,6,0,16,102,7,7,3161,0,3
1563,0,0,1,24,170,8,0,3660,0,3
1191,1,16,1,26,84,1,20,1604,1,1
615,1,0,0,42,163,6,4,2211,1,1
1893,1,8,0,63,134,2,11,3822,1,3
1563,1,10,0,16,151,7,13,3922,1,3
1995,0,6,0,9,139,6,18,1203,1,2
1517,0,6,1,48,143,5,14,2822,1,3
832,1,1,1,34,108,5,5,447,0,0
1162,0,0,1,56,114,7,1,1652,0,1
1595,0,7,0,12,121,8,19,3608,0,3
1329,0,1,0,52,181,6,2,1228,1,1
928,1,11,0,56,80,8,13,666,0,0
1656,1,8,1,38,105,7,17,1499,1,1
1937,0,17,0,58,189,1,19,3321,0,3
977,1,2,0,57,181,6,7,1206,1,0
768,0,16,1,56,113,1,20,952,1,0
1464,1,11,0,12,117,2,14,3927,1,3
1177,0,1,1,29,191,2,8,311,0,0
1348,0,18,0,52,98,3,20,955,1,1
1956,0,0,1,37,87,3,2,1109,0,1
1751,1,6,0,8,178,6,20,2969,1,2
1530,0,11,0,42,177,6,13,725,1,0
1997,1,1,0,40,185,4,8,1655,0,2
1414,1,5,0,44,180,2,6,3490,0,3
1707,0,0,0,41,80,7,2,1774,0,2
894,1,1,1,50,199,3,14,3615,1,3
645,0,6,1,41,184,8,17,714,0,0
1163,1,0,0,49,155,2,0,2768,1,2
1126,0,3,0,49,165,8,17,3739,0,3
1648,0,6,1,64,170,4,9,610,0,1
1170,0,6,1,14,199,2,13,715,1,0
508,0,7,1,42,94,1,8,663,0,0
1097,1,6,0,64,161,3,8,1725,1,1
728,1,0,1,5,101,2,20,834,0,0
1980,1,2,1,29,177,1,13,3865,0,3
1504,1,1,0,64,182,1,2,3059,0,3
1379,1,14,1,63,83,1,17,651,0,0
1698,0,5,1,18,160,6,20,796,1,0
920,1,5,0,25,115,7,14,785,1,0
1144,1,0,0,21,189,1,11,3252,0,2
1995,0,6,0,26,129,1,15,1322,1,1
1430,1,1,0,27,183,1,16,2832,1,2
972,1,5,0,13,193,5,8,1615,0,1
662,0,5,0,20,138,1,10,2125,1,1
1867,0,0,1,9,191,6,3,990,1,1
1730,1,0,1,20,143,4,10,1595,0,1
1723,0,1,1,7,126,3,17,1213,1,1
1882,1,8,0,47,140,2,13,2500,1,2
803,1,0,0,18,106,4,1,2801,0,2
580,1,0,0,47,91,3,1,3451,0,3
668,0,2,1,48,114,1,19,1201,0,0
1391,0,2,1,36,182,1,6,3139,0,2
1560,0,0,1,22,169,7,1,1938,1,2
821,1,5,0,54,109,3,9,3185,0,2
811,1,5,1,2,106,6,13,2111,1,1
1989,1,8,0,17,193,8,15,2369,0,2
1034,1,6,0,37,120,7,20,3625,1,3
618,0,2,0,6,86,1,4,1051,1,0
654,0,0,1,52,196,4,4,1036,0,1
576,0,2,1,10,184,5,7,2938,1,2
667,0,6,1,3,185,6,13,2855,1,2
869,0,7,1,57,118,1,15,2727,0,2
635,1,2,0,42,149,3,4,2973,1,2
609,0,15,1,44,117,1,16,2581,1,1
1557,1,16,0,2,123,5,20,2690,1,3
1604,0,2,0,33,191,8,5,916,1,0
1182,0,7,1,8,138,8,16,2563,0,2
848,1,10,1,19,148,7,18,3359,0,2
1610,0,7,1,64,181,4,12,941,0,1
1828,1,0,0,17,199,1,1,2280,0,2
880,1,1,1,50,194,7,3,827,1,0
1394,1,10,1,62,175,5,13,473,0,0
1960,1,1,1,61,86,7,3,3865,0,3
809,0,10,0,21,91,7,19,1274,0,1
899,1,13,1,57,172,2,18,364,0,0
1976,1,4,0,32,171,2,7,3699,1,3
879,1,0,1,21,187,4,2,2927,1,2
916,0,0,0,36,195,4,12,1470,0,0
763,1,8,1,2,92,8,14,1050,0,0
508,1,0,0,9,162,6,2,2616,1,2
825,1,0,0,34,99,8,17,2915,0,3
1864,0,8,1,46,178,1,12,2686,1,2
1725,1,8,1,52,185,6,12,1243,1,1
1108,0,10,0,52,183,2,12,3264,1,3
1011,0,4,1,36,131,7,18,2261,1,1
1703,1,17,1,55,138,5,19,2993,1,3
1067,1,0,0,58,135,7,0,706,0,0
1334,0,5,1,42,115,5,14,2542,0,3
775,0,0,0,30,189,7,10,2523,1,2
1899,0,0,0,26,151,2,0,336,1,0
930,1,1,1,14,97,6,10,2457,0,1
1058,0,2,0,19,166,4,14,418,1,0
1187,0,0,1,46,145,2,9,3917,1,3
1874,1,10,0,8,166,7,13,1246,1,1
1482,0,2,0,48,142,7,10,2971,1,2
1809,0,3,1,59,174,3,4,2324,1,2
864,1,0,1,54,187,2,1,3121,1,2
625,0,12,1,33,191,1,20,3801,0,2
1880,0,4,1,18,138,3,5,3333,0,3
1138,0,12,1,44,187,8,17,3475,0,3
560,0,14,0,23,146,8,15,2360,1,1
1117,0,1,0,12,144,7,8,2895,0,2
1712,0,1,0,63,137,7,12,3652,0,3
1836,1,3,0,26,134,6,16,3097,0,3
1036,0,0,0,39,119,7,3,2101,0,1
1860,0,15,0,23,162,4,16,3918,0,3
1375,0,3,1,9,145,7,19,3869,1,3
1945,1,0,1,57,195,4,1,732,0,1
1896,1,8,1,7,141,2,13,3684,0,3
788,1,4,1,57,91,8,12,3969,1,3
880,1,0,0,33,173,2,2,1414,0,0
1323,1,10,1,28,131,4,12,1892,1,1
1868,1,0,1,42,169,1,4,3131,1,3
1266,1,0,1,7,184,3,12,2532,1,2
1042,1,16,1,50,93,7,18,3215,1,3
1479,0,8,0,19,156,3,10,3323,1,3
1476,1,0,1,55,171,4,5,1529,1,2
1552,0,6,1,13,123,6,9,2403,1,2
1454,1,1,0,34,83,4,3,3419,0,3
1007,0,0,0,45,95,5,2,3648,0,3
652,1,9,1,17,173,5,11,1974,0,0
1504,0,12,1,34,142,8,15,2806,1,2
1726,1,2,0,51,193,4,3,2239,1,2
1029,1,5,1,5,171,5,8,582,1,0
1582,0,2,1,44,112,6,13,3890,1,3
1478,1,12,0,48,99,5,17,1141,1,1
1178,0,0,0,49,101,5,0,2511,0,2
707,1,2,0,25,131,3,17,3838,1,3
755,0,5,1,51,186,4,12,2734,1,2
912,0,1,0,54,161,8,5,2330,0,1
651,1,2,1,63,176,5,4,2244,0,1
1483,0,1,1,54,176,7,2,1851,0,1
914,0,2,0,4,100,2,12,808,0,0
1456,1,7,0,7,105,5,12,1587,1,1
1178,1,6,0,57,84,3,17,2492,0,2
1503,0,10,1,43,166,4,14,2122,0,2
1681,0,2,0,11,158,2,13,1122,1,0
715,1,4,0,48,160,4,6,3709,0,2
1876,1,3,1,56,182,3,4,3021,0,2
1190,1,9,0,47,186,6,10,624,1,0
1755,0,0,1,24,134,7,2,3937,1,3
1197,0,3,1,20,149,6,7,1797,1,1
1048,0,10,1,28,194,2,19,1458,1,1
1887,1,6,1,17,126,8,7,3348,0,3
1772,1,3,0,64,116,8,15,1834,1,1
1421,0,0,1,57,165,1,2,2775,1,3
1464,1,0,1,17,153,6,8,1277,0,1
728,1,4,0,23,111,4,5,457,1,0
954,0,0,0,50,134,2,11,438,0,0
685,1,8,1,13,82,7,15,3210,1,3
1472,1,1,0,36,130,6,10,985,0,1
853,0,10,1,3,200,2,16,3701,0,3
1469,0,0,0,8,123,7,0,1052,0,0
1310,1,6,0,57,135,8,9,1175,0,0
1654,0,1,0,11,146,7,2,1070,1,1
902,0,3,0,3,134,7,9,3411,1,3
1448,1,13,0,26,156,3,16,1175,0,1
1631,1,2,1,3,198,7,12,301,0,0
1608,1,7,0,28,183,2,13,489,1,0
1991,0,5,1,64,145,2,13,1733,0,2
1349,1,15,0,62,114,5,16,2756,0,2
1589,0,5,1,51,195,1,18,2612,0,2
1844,1,1,0,51,158,8,3,1724,1,1
712,1,3,1,35,84,2,10,2190,1,1
972,0,0,1,54,107,3,4,1900,1,1
1406,1,2,1,34,98,3,5,3915,1,3
1289,0,10,1,25,178,6,12,1043,0,0
932,0,1,0,64,154,7,2,3817,1,3
1747,0,6,1,48,94,3,19,2362,0,2
1172,1,4,0,41,95,3,7,1107,0,1
1128,0,12,0,53,84,5,14,2982,0,3
664,1,0,0,28,106,5,5,2042,0,1
513,0,6,1,44,186,4,12,1343,0,0
1742,1,9,1,43,170,7,12,2610,1,2
1512,0,12,0,6,162,7,17,2335,1,2
1986,1,3,1,51,165,8,20,1614,1,1
965,1,5,0,13,109,2,14,1138,0,0
1067,1,3,1,40,122,8,15,604,0,0
1583,0,5,1,42,118,3,10,3652,0,3
1653,1,2,1,37,176,4,6,3955,1,3
1433,0,7,0,4,133,8,11,258,1,0
765,0,0,1,18,153,7,0,1066,0,0
1845,1,10,0,61,96,1,12,1731,0,1
752,1,1,0,48,87,7,13,3860,0,3
1948,1,8,0,16,100,5,10,3630,0,3
1077,1,0,1,45,174,3,4,1965,0,1
932,0,1,1,60,104,4,2,1459,0,0
1968,0,0,0,22,115,3,7,2323,1,2
1122,0,9,0,2,120,4,14,3291,1,2
1588,0,0,1,61,159,1,13,3272,0,3
601,0,4,0,26,101,4,18,918,0,0
1615,0,14,0,15,132,4,16,3488,1,3
1589,1,2,0,58,128,4,4,3961,1,3
1417,0,2,1,56,114,6,4,590,1,0
1697,0,1,1,34,95,1,3,3701,0,3
1330,1,14,0,3,83,5,17,463,1,0
1476,0,0,1,43,148,2,2,3644,1,3
1579,0,0,0,27,142,6,18,1713,1,1
1277,0,0,1,41,200,4,3,429,1,0
1089,1,12,1,2,145,5,15,2765,1,2
1663,1,13,1,27,169,4,14,2084,0,2
1949,0,0,0,20,186,5,4,1125,0,1
1138,0,5,1,48,109,3,14,2048,1,2
685,0,7,0,17,174,6,20,1223,1,0
1889,0,5,1,31,132,1,10,3672,1,3
857,1,3,0,17,195,7,9,3100,0,2
1902,1,6,0,50,124,8,9,343,0,0
1225,0,0,0,15,155,5,0,1970,0,1
1066,0,5,0,39,131,5,17,2728,1,2
1554,1,11,0,5,124,3,12,3635,0,3
1337,0,13,0,31,186,2,20,2180,1,1
1926,1,1,1,33,172,3,2,2488,0,2
869,1,3,0,34,104,2,4,3864,0,3
1278,1,1,0,54,104,8,16,1155,1,0
1773,0,16,1,32,170,6,18,3566,1,3
1661,1,1,1,6,109,7,2,864,1,1
1438,0,0,1,32,176,7,6,869,1,0
1661,0,0,0,29,119,2,0,591,1,0
1846,0,1,0,19,159,1,2,1333,1,1
1260,1,2,1,23,123,7,10,2208,1,2
512,1,7,0,15,83,3,15,2610,1,2
581,0,0,0,59,185,5,6,2819,1,2
1872,0,6,0,44,134,3,15,1955,1,2
687,0,9,1,50,151,4,20,3416,0,3
1062,1,6,0,10,160,1,13,3803,1,3
1678,1,11,0,7,192,1,14,574,0,0
1417,0,10,1,45,166,4,19,2129,1,1
1074,1,2,1,9,103,6,14,1948,1,1
1832,0,2,0,2,90,7,6,2978,0,2
1039,0,0,1,12,200,8,0,1619,1,1
1059,0,8,0,61,134,3,18,3716,0,3
1606,0,3,0,57,154,4,4,3454,1,3
1928,0,9,1,19,187,3,20,3777,1,3
1875,1,11,1,55,91,1,17,2712,1,3
1128,0,9,1,46,135,8,10,1434,0,1
1748,1,6,1,14,146,3,7,3968,1,3
1413,1,5,0,51,117,5,11,3383,0,3
825,1,0,1,23,86,2,0,3278,1,3
1589,0,3,1,26,100,8,16,3970,1,3
535,1,8,1,54,145,8,15,2674,0,2
1780,0,6,0,27,190,4,11,2776,1,3
1671,1,7,1,61,129,2,11,2336,0,2
1821,0,9,1,12,114,1,18,2430,1,2
1076,0,3,1,38,119,6,8,891,0,0
532,1,3,0,8,193,5,10,728,0,0
777,0,3,0,30,148,5,17,3886,0,3
1217,0,3,0,17,182,4,13,1711,1,1
1656,1,0,0,16,117,7,2,2856,1,2
1185,0,0,0,31,152,8,7,2447,1,2
577,0,8,1,37,161,6,20,814,1,0
737,1,7,0,49,193,4,16,2951,0,2
704,1,4,0,53,186,6,6,3653,1,2
525,1,5,0,51,137,8,11,1891,0,1
504,1,5,0,16,166,1,9,701,1,0
793,1,1,1,38,176,4,7,3139,1,3
569,1,2,0,39,184,8,9,2811,1,1
1590,1,3,1,21,160,5,18,1701,1,1
707,0,0,1,16,194,2,0,1853,1,1
767,0,16,1,19,185,6,17,2445,1,1
1350,1,0,1,50,181,8,4,2287,0,1
1117,1,0,0,31,146,2,7,2003,1,2
641,0,0,1,7,192,1,3,3595,1,2
1002,1,0,1,35,83,2,4,1726,1,1
1408,1,10,0,45,89,5,14,3952,1,3
1900,1,1,0,41,190,8,6,850,1,1
726,0,0,0,43,101,8,0,1446,0,0
1544,0,12,1,45,113,8,20,1300,0,1
1454,0,6,1,21,160,4,10,719,1,0
1230,1,6,0,26,123,5,7,988,1,0
1552,0,10,1,53,180,8,18,2606,0,2
1519,0,0,0,32,200,1,10,2912,0,2
723,0,4,0,30,102,1,7,2339,1,2
1191,1,2,0,13,169,1,7,1028,1,0
1168,0,9,0,61,90,8,10,3173,1,3
1229,1,15,0,14,191,2,16,1667,1,1
1758,0,11,1,13,190,8,14,1897,0,2
1290,0,0,0,3,143,6,4,1214,1,1
574,1,16,0,38,90,6,17,3269,0,2
1271,0,12,0,32,113,7,15,445,1,0
1170,0,4,0,30,83,8,15,1073,0,0
1269,0,14,0,52,118,2,15,665,0,1
1288,1,15,0,50,121,2,20,3129,0,3
1366,1,0,1,34,150,2,9,3501,0,3
1572,1,7,1,8,169,5,8,3461,1,3
1627,1,9,1,32,180,6,16,3206,0,3
1701,0,13,1,46,115,2,15,3717,0,3
1900,1,0,1,55,171,1,1,3917,1,3
1974,0,4,0,24,80,7,13,861,1,0
1197,1,9,0,20,129,5,10,2885,1,2
587,1,4,0,6,170,1,16,2777,0,2
934,0,7,0,24,112,5,12,1017,1,0
1195,1,1,1,23,82,4,9,980,0,0
1853,0,2,0,23,92,1,15,2775,0,3
1164,0,4,1,19,95,8,18,3309,1,3
1512,0,8,1,18,88,3,17,3607,1,3
1232,1,1,1,24,169,5,17,1257,0,0
1813,1,0,1,5,198,3,8,759,0,0
946,1,17,0,5,166,3,20,3720,0,3
739,1,2,1,58,88,3,4,475,1,0
704,0,8,1,29,80,1,10,1122,1,0
1663,0,0,0,40,147,4,15,1336,0,1
1966,1,2,0,40,185,8,18,1185,0,2
1219,1,0,0,17,196,5,4,705,1,0
612,0,6,0,35,181,5,12,3169,0,2
1658,0,0,1,39,182,1,5,3483,1,3
1263,0,12,0,64,175,5,18,1183,1,1
1395,0,0,1,55,118,3,1,3373,0,3
621,1,0,0,54,151,4,20,2801,1,2
652,1,1,0,58,142,3,2,565,1,0
1175,0,10,0,25,145,2,12,3153,0,2
561,0,0,0,11,163,8,10,3421,1,2
1137,0,6,1,3,173,5,7,316,0,0
1835,0,4,1,11,193,7,13,448,0,0
1170,1,2,0,40,169,6,5,2366,1,1
1595,1,0,1,44,85,4,20,3881,1,3
1719,0,0,0,12,122,8,7,462,0,0
1770,1,0,0,7,128,7,6,1480,0,1
1312,1,0,1,28,163,2,0,1087,0,1
1878,1,5,1,56,139,5,13,2711,1,2
1871,0,7,1,20,81,7,14,2144,1,2
922,1,1,1,35,188,7,15,1165,1,0
1975,0,6,1,16,128,8,11,2998,0,2
1212,0,1,1,46,102,4,8,2249,1,2
1430,0,3,0,56,179,3,5,752,1,0
1958,1,0,0,4,190,2,3,1409,0,1
1836,1,0,1,30,184,7,15,3072,0,3
557,0,0,0,24,125,3,0,1305,1,0
539,1,9,0,21,145,7,14,3597,0,2
880,1,1,0,44,172,8,15,3132,1,2
1369,1,6,0,34,162,1,7,3856,1,3
1109,1,1,0,39,98,1,9,1524,1,1
843,1,0,0,16,166,5,6,3673,1,3
598,1,7,0,21,196,2,10,3293,1,2
972,1,1,0,5,126,4,2,3035,1,2
1944,0,5,1,36,197,6,18,584,0,1
1225,1,0,1,2,138,7,1,2675,0,2
644,1,7,1,30,114,1,16,2382,1,2
1919,0,5,1,48,150,4,6,1391,1,1
501,0,12,1,54,131,4,19,2346,1,1
1620,1,0,1,30,185,3,3,606,0,0
1227,1,0,0,34,130,3,3,1324,1,1
1359,1,1,1,58,107,6,3,1076,1,0
1914,0,1,0,35,118,8,2,643,1,1
1645,0,1,0,21,123,7,2,783,0,0
1063,0,0,1,26,101,5,2,3809,1,3
946,0,0,1,19,154,8,0,2104,0,1
1231,1,5,0,54,185,3,10,1762,0,1
1397,1,13,0,9,87,6,18,3137,1,3
701,0,7,0,15,160,3,11,1756,1,1
570,1,2,0,9,111,7,5,3663,0,3
1993,0,10,1,27,147,8,11,2437,0,2
955,1,4,0,43,143,5,8,1432,1,1
924,1,0,1,47,167,8,6,1620,0,1
600,0,0,0,14,112,5,2,1655,0,0
518,1,0,0,3,178,7,1,2832,1,2
1063,0,0,1,31,95,6,10,961,0,0
920,0,2,0,46,149,3,3,2608,1,2
1715,0,4,1,3,171,5,6,514,0,0
1841,1,6,0,14,167,8,8,2304,1,2
543,1,4,1,60,132,5,7,933,0,0
1762,1,13,1,25,189,1,14,1896,1,1
1112,1,1,0,53,121,4,16,3655,0,3
709,1,0,0,35,136,1,0,1973,1,1
1315,0,7,0,64,128,7,16,3278,0,2
1762,0,10,1,15,107,8,11,2183,0,2
1462,1,1,0,25,182,7,18,824,1,0
571,1,8,0,35,186,7,20,2598,0,1
666,1,7,1,54,81,3,13,1254,1,0
1994,1,2,1,7,146,8,7,3622,1,3
1583,1,11,0,14,148,7,16,1704,1,2
1778,1,3,1,45,132,4,17,1624,0,1
1926,0,13,1,50,179,6,17,3809,0,3
966,0,9,1,50,117,4,10,2574,1,2
568,0,1,0,36,179,3,4,950,0,0
1897,0,1,1,21,192,8,2,273,1,0
1695,1,6,1,46,200,3,9,446,1,1
1623,0,6,1,61,120,7,12,1510,0,2
914,0,0,1,26,147,4,0,1122,1,0
1721,1,4,1,33,128,4,5,707,1,0
890,1,4,0,44,198,8,13,751,0,0
600,0,1,0,48,191,3,7,3393,0,2
1677,1,4,0,11,124,6,8,3771,0,3
723,0,0,1,3,168,4,3,1851,0,1
638,1,11,0,27,102,4,17,2735,0,2
852,1,4,1,62,104,7,13,2253,0,1
1979,1,0,0,32,165,7,1,452,0,0
710,0,6,0,32,151,5,9,1419,0,0
1034,1,2,1,45,190,3,4,969,0,0
600,1,8,1,22,145,1,11,3441,0,2
1027,0,2,1,64,103,2,7,3786,0,3
1260,0,5,1,13,106,6,6,2710,0,2
1793,1,10,0,12,169,6,17,3533,1,3
675,0,10,0,60,144,5,15,1735,1,0
658,0,0,1,12,103,7,3,3587,0,3
1694,0,0,1,34,102,7,7,2298,0,2
804,1,12,1,41,89,1,13,2027,0,1
1713,1,1,0,27,127,7,3,2406,1,2
706,0,13,1,31,108,3,19,2419,1,1
1362,0,3,0,25,131,7,9,995,1,0
1527,0,10,1,60,154,5,14,2078,1,2
768,1,0,0,19,159,2,1,1145,1,0
1314,1,8,1,41,155,4,12,626,1,0
705,0,5,1,57,155,6,9,1509,1,1
1403,0,2,1,26,164,5,3,3371,1,3
1486,0,7,0,52,85,4,15,297,0,0
781,0,2,0,38,198,5,7,3508,1,3
986,0,1,1,23,183,8,3,2385,0,1
1310,0,0,0,33,105,1,14,1301,1,1
560,1,6,1,57,81,3,12,2167,1,1
1348,0,0,0,43,116,5,6,3914,1,3
1567,1,3,0,22,119,6,6,2312,0,2
1940,1,4,0,17,93,5,7,2297,0,2
1979,1,0,1,19,176,3,9,411,1,0
561,1,7,1,2,193,3,13,665,0,0
1717,0,1,0,62,130,1,3,3226,0,3
535,0,1,1,48,113,1,4,740,0,0
1413,1,4,1,39,185,5,12,3878,0,3
1358,1,0,0,20,135,7,0,3406,1,3
1519,0,2,0,30,112,7,8,2440,1,2
1254,1,2,0,50,108,5,6,3959,0,3
1591,0,3,1,49,154,6,7,3703,0,3
977,1,2,0,35,165,2,15,3714,1,3
1640,0,10,1,21,169,7,14,337,0,0
663,1,0,0,25,183,2,1,3176,1,2
1744,0,1,1,20,112,8,3,1205,0,1
1624,1,8,0,28,150,2,10,2473,0,2
1108,1,14,1,2,169,7,20,1229,0,0
1188,1,0,1,9,114,2,0,2896,1,3
817,0,0,0,11,144,3,11,2039,0,1
863,1,5,1,6,133,4,13,520,1,0
1397,1,5,1,3,121,3,15,1378,1,1
1108,0,3,0,49,140,5,12,3254,0,3
1068,1,1,1,37,184,7,13,1803,0,1
1702,0,12,1,52,145,2,15,2501,0,3
808,1,0,0,8,192,4,1,3762,1,3
1156,0,6,0,61,89,7,9,1796,1,1
1271,1,2,0,54,159,8,3,990,1,0
696,0,6,0,51,197,3,8,2630,1,1
1981,1,13,0,45,175,6,18,1380,0,1
614,1,0,1,58,128,7,2,3487,1,2
1590,1,0,0,7,122,3,17,1201,1,1
1945,0,4,0,21,113,3,10,3015,0,3
1135,1,9,0,43,158,1,11,3204,0,3
1049,1,8,1,2,172,6,10,433,0,0
1807,0,2,0,49,125,1,10,1906,1,2
984,0,13,1,42,98,7,17,898,0,0
720,1,0,1,61,96,7,8,2799,1,3
1536,0,12,0,13,105,7,20,2020,0,2
771,0,3,0,25,86,4,6,770,0,0
503,0,3,0,57,185,6,11,305,1,0
675,0,1,0,42,187,7,2,2953,0,2
1936,1,13,1,34,182,7,14,1671,1,1
1303,1,0,1,15,138,3,10,2574,1,2
1004,1,0,0,35,141,6,9,3772,1,3
1972,1,0,0,37,102,2,1,2870,0,3
1822,0,0,0,8,195,6,0,2577,0,2
1159,0,5,1,18,83,1,7,2246,0,1
1782,1,6,1,58,157,1,13,2405,1,2
894,1,16,0,16,168,8,20,3377,1,2
1884,1,7,1,43,185,1,18,3619,1,3
1648,0,1,1,17,142,2,3,1184,1,1
798,0,5,0,4,96,3,9,2965,0,2
802,1,1,0,45,157,3,9,3713,0,3
1276,1,2,0,53,130,2,3,3798,1,3
1331,0,0,0,16,165,2,7,1026,1,1
1620,1,6,0,5,186,6,18,1086,0,1
1996,0,5,1,51,122,4,9,2236,1,2
1092,1,8,0,45,185,1,10,1303,1,1
1018,1,7,0,63,155,5,18,3048,1,2
545,0,0,1,11,131,3,1,616,1,0
554,0,0,0,12,105,6,10,3764,1,2
1264,1,2,1,34,171,3,3,419,1,0
1030,1,3,1,58,138,6,20,2858,1,3
1432,1,6,1,39,164,4,18,504,0,0
558,0,1,1,49,142,5,4,392,1,0
829,0,0,0,56,129,7,1,820,1,0
1741,0,0,0,14,143,8,0,3387,0,3
1849,0,7,1,15,144,5,19,3447,1,3
733,0,5,1,7,174,7,10,1403,0,0
1872,1,0,0,16,80,2,2,2295,1,2
1853,1,1,0,27,197,6,13,1973,1,2
1149,0,4,0,30,106,6,5,3755,0,3
891,1,9,1,25,196,2,19,2073,1,1
1911,0,7,1,64,163,8,8,3872,0,3
550,0,16,1,23,145,2,17,302,0,0
576,0,0,1,27,121,2,4,1519,1,1
1760,0,1,1,50,198,1,2,2549,0,2
969,0,0,0,45,124,7,0,404,1,0
1160,0,1,1,63,166,3,2,595,1,0
827,1,2,1,18,160,2,16,1663,1,0
1786,0,9,1,58,161,7,10,2764,1,3
774,1,2,1,8,136,1,4,2614,1,2
819,1,0,1,11,83,8,1,1094,0,0
1042,0,15,1,11,139,5,16,2826,0,2
1368,1,10,0,50,97,7,18,2496,1,2
1592,0,6,1,50,181,2,17,2103,0,1
1067,1,11,0,14,146,1,15,966,1,0
1892,0,5,0,47,110,4,10,2172,1,2
915,0,6,0,56,187,8,17,905,0,0
774,0,7,1,55,124,3,18,3916,0,3
1848,1,2,1,42,179,2,10,3902,1,3
1501,0,12,1,2,187,1,15,2487,1,2
1614,0,8,1,55,188,3,17,3914,0,3
911,0,0,0,46,181,5,1,363,0,0
1520,0,1,1,24,199,5,8,3233,1,3
1647,1,3,1,38,102,6,15,2532,1,2
1347,1,8,1,53,108,6,15,3836,1,3
967,0,4,0,25,92,8,9,3076,1,2
1442,0,0,1,56,145,5,3,1513,0,2
1204,0,0,0,10,199,7,3,1724,0,1
1320,1,0,1,41,144,7,2,542,0,0
1800,0,2,1,8,100,7,6,3481,1,3
1567,1,3,0,22,153,3,19,3991,0,3
1439,0,12,1,20,147,1,17,1790,1,1
1422,0,15,0,3,112,1,17,509,1,0
1591,1,4,1,52,161,3,16,282,1,0
880,0,2,0,6,198,4,19,3006,0,2
1929,1,0,1,19,163,6,2,1913,0,1
1642,1,0,0,5,102,5,2,1333,1,2
1511,1,3,0,21,114,3,18,3746,0,3
1312,0,5,1,10,163,2,9,3941,1,3
1852,0,4,1,10,196,1,18,3970,1,3
972,0,8,0,44,82,7,10,3925,0,3
691,1,4,1,33,108,4,8,424,1,0
807,0,9,0,8,158,5,20,1284,1,0
1113,1,0,0,25,145,1,10,277,1,0
721,1,10,0,16,125,1,18,1713,1,1
1188,1,0,0,54,198,6,2,485,0,0
1512,0,1,0,52,131,1,14,3002,1,2
805,0,0,0,64,97,4,14,418,1,0
918,1,1,0,8,123,7,5,1652,0,1
1320,1,7,0,48,168,5,16,2893,1,2
1236,1,2,1,57,188,1,14,1406,1,0
1387,0,0,1,61,98,3,0,629,0,0
1883,1,6,1,30,95,2,10,3724,1,3
839,1,0,0,14,175,7,3,3835,0,3
1593,0,0,1,52,130,8,0,1354,1,1
1722,0,7,0,25,88,6,19,2376,1,3
1954,1,8,0,7,126,3,9,3438,0,3
1788,1,15,1,2,150,6,20,2655,1,2
1628,0,5,1,33,101,6,8,3361,0,3
1965,0,6,1,4,84,7,9,3535,1,3
833,0,4,0,27,124,1,6,2150,1,1
571,0,1,1,43,141,3,8,2587,0,1
1808,1,1,0,31,92,2,16,2736,1,3
1860,1,2,1,55,83,6,3,676,1,0
1368,1,4,0,9,115,7,7,2941,0,3
1161,1,0,1,21,126,8,12,3336,1,3
1224,0,9,0,33,157,1,18,3796,0,3
902,1,0,0,63,122,5,14,3654,1,3
787,0,15,0,11,93,1,16,2934,1,2
854,0,2,0,30,125,8,5,2889,1,2
1184,1,1,1,48,191,1,6,3315,1,3
1973,1,5,1,39,152,4,6,1993,0,2
510,1,3,0,35,120,3,6,2509,1,1
966,0,8,1,34,118,2,10,3534,1,3
1438,0,3,0,16,169,8,7,2246,0,2
1986,0,7,0,51,95,3,9,3165,0,3
1907,0,13,0,55,105,7,15,286,1,0
1489,1,8,0,32,200,1,16,776,0,0
1843,1,13,1,16,134,6,18,3213,0,3
825,0,11,0,38,94,3,18,716,0,0
1286,0,10,1,16,98,2,18,424,0,0
840,0,0,1,63,137,7,19,3486,0,3
757,1,5,1,58,163,4,7,3237,1,2
814,1,2,0,41,177,2,10,1944,0,1
1195,1,2,1,8,80,6,6,643,0,0
767,0,7,1,10,107,4,12,2317,1,2
1068,0,6,1,52,97,8,7,1436,0,1
994,1,0,0,56,173,3,3,3190,1,2
1550,0,6,0,21,133,2,11,2338,0,2
1878,0,9,0,29,85,8,19,1334,0,1
623,0,2,0,6,127,3,4,3657,0,2
1829,0,0,1,15,160,5,7,2080,1,2
525,1,11,0,35,190,7,20,1609,0,0
1065,0,0,1,14,89,2,2,3078,1,2
1425,0,9,1,35,127,8,14,590,1,0
1296,1,3,0,11,129,7,4,2552,1,2
642,0,3,0,34,197,2,15,3355,0,2
1664,1,9,1,15,177,7,19,1968,0,2
1498,0,3,1,8,170,7,4,3358,0,3
981,1,0,0,2,136,3,7,1539,0,0
1236,0,6,1,32,143,4,18,942,1,0
1673,1,7,0,9,187,3,10,3669,1,3
712,0,6,1,9,172,2,14,3612,0,3
569,1,10,1,4,170,3,19,2351,0,1
603,1,0,1,64,156,6,0,604,1,0
1332,1,2,0,11,187,2,4,1285,0,1
1413,0,0,1,13,128,1,0,515,0,0
1064,1,1,1,34,184,6,13,654,0,0
1444,0,2,0,48,82,5,17,2540,1,3
1366,1,5,1,53,161,5,9,3869,1,3
906,1,7,0,18,136,2,11,3412,0,3
1554,1,3,1,47,185,5,12,509,0,0
1187,0,0,1,21,122,6,6,2547,0,2
1156,1,1,1,30,173,3,16,2735,1,2
1918,0,1,0,22,139,1,5,1369,1,1
841,1,8,0,39,199,6,13,2942,1,2
730,1,6,0,6,167,7,10,2812,0,2
878,0,13,1,31,153,4,18,3497,0,2
1059,1,0,0,50,182,8,1,619,1,0
1578,0,8,0,3,200,1,20,3483,0,3
1829,0,0,0,36,112,5,1,1475,0,1
1132,0,0,0,8,157,1,4,1950,1,1
1652,1,4,1,40,198,7,6,3592,0,3
912,1,0,0,58,107,5,1,3573,0,3
1181,0,12,1,61,116,2,16,2020,0,1
1497,0,5,0,32,92,3,9,1329,0,2
1790,1,3,1,49,100,3,11,3568,1,3
1742,0,3,0,49,100,1,9,1947,1,2
1549,0,4,0,8,158,5,7,1998,0,2
1372,0,7,0,34,193,4,17,725,0,0
1112,0,0,1,12,190,4,6,3302,1,3
1005,0,0,0,46,133,8,17,3884,1,3
783,1,9,1,27,150,6,11,1185,1,0
1698,0,10,1,26,105,2,18,1656,1,2
899,0,3,1,53,192,4,11,2870,1,2
1062,0,3,0,45,151,3,4,911,0,0
989,0,4,0,17,166,3,19,3892,0,3
1983,1,6,1,27,125,1,11,3897,1,3
1800,0,5,0,53,87,1,12,656,1,0
1254,0,0,1,45,146,3,3,606,1,1
868,0,0,0,30,83,4,0,1653,0,1
1205,1,3,0,12,175,4,6,860,1,0
1284,1,0,0,10,155,2,14,2197,1,1
626,1,2,1,23,187,2,9,3458,1,2
1763,1,1,1,53,101,4,20,2066,1,1
694,1,15,0,36,193,4,20,3676,1,3
1265,1,4,1,49,90,1,5,1518,1,1
816,0,4,0,14,198,3,13,1018,0,0
904,0,3,1,35,168,3,4,1360,0,0
979,1,0,1,5,164,7,2,3449,0,3
1531,0,0,1,60,162,6,1,2524,0,2
934,1,2,0,30,182,8,15,703,1,0
1624,1,0,0,58,200,3,11,1251,1,1
874,0,5,0,8,185,1,20,582,0,0
1027,0,0,0,63,102,5,4,1732,1,1
1966,1,15,1,48,144,1,16,1252,1,2
1048,0,2,1,29,182,1,4,2146,0,1
1496,1,13,0,38,126,4,14,1927,1,1
959,0,15,0,13,155,4,16,3328,1,2
1349,1,5,0,55,105,7,7,2462,1,2
1689,1,0,1,13,168,2,9,1172,1,0
1558,0,0,1,27,146,1,1,3598,1,3
582,1,3,0,27,168,3,10,2437,1,2
1485,0,3,1,44,138,4,14,3271,0,3
1991,0,11,0,9,94,3,12,1511,0,1
553,1,2,1,23,119,3,3,2981,0,2
1231,1,2,0,7,113,1,7,3119,0,3
805,0,1,0,34,88,6,2,3647,1,3
764,1,1,0,13,152,8,2,3148,0,2
894,0,5,1,54,130,3,15,2829,1,2
1589,0,9,0,46,84,3,16,2373,0,2
1456,1,9,1,39,80,8,10,3998,0,3
743,1,0,1,33,95,2,1,316,0,0
1061,0,3,1,52,109,7,4,999,0,0
1428,0,0,0,7,153,4,2,1808,0,1
674,1,0,1,8,93,3,0,589,0,0
832,0,0,1,46,93,6,0,3317,0,3
1625,1,2,1,50,107,8,17,670,0,0
907,1,3,0,42,151,1,16,584,0,0
1631,0,2,1,13,166,2,16,2173,0,2
1584,0,6,0,41,135,4,15,1561,1,1
1382,0,7,1,13,199,2,18,2073,1,1
633,0,0,1,46,102,6,10,1401,0,1
1444,0,9,0,38,104,7,16,3764,0,3
852,1,6,1,54,147,5,7,1275,1,0
922,0,0,1,47,157,8,14,1464,1,1
1745,1,4,1,57,159,3,16,2885,1,3
862,0,9,1,6,107,8,14,3458,1,3
1754,1,1,1,52,101,4,3,3019,1,3
1008,0,3,0,36,109,1,14,1083,0,1
1569,1,3,0,33,147,1,13,3538,1,3
1596,1,7,0,7,149,2,9,2493,1,2
1807,1,2,1,61,134,6,6,3726,0,3
1660,1,4,0,7,184,1,6,1531,0,1
1861,0,4,1,55,148,7,8,601,0,1
648,1,4,0,8,91,5,19,2991,1,2
1379,1,1,0,19,134,8,17,3912,1,3
1910,0,0,0,34,115,2,0,309,1,0
1807,1,0,1,13,155,8,0,323,1,0
1923,1,7,0,46,191,1,10,1489,1,1
1345,0,7,1,38,162,3,11,1322,0,1
904,1,5,1,14,102,8,9,1846,1,1
1239,1,5,1,52,122,2,10,417,1,0
1330,0,6,1,52,84,4,12,3269,0,3
516,1,1,0,30,138,1,12,3731,0,2
672,1,0,0,54,95,4,11,667,0,0
892,0,0,1,47,94,1,18,1241,1,1
1778,0,0,1,23,101,6,11,3941,0,3
1130,0,4,1,58,132,5,14,1018,0,0
1359,0,4,0,59,86,2,6,3142,1,3
1866,1,3,1,47,89,5,9,1444,0,1
1597,0,11,0,34,89,1,14,934,0,0
1046,1,0,1,58,100,8,0,3863,1,3
1035,1,2,1,44,99,3,3,3506,0,3
1175,0,2,0,19,164,7,9,1944,0,1
1261,1,0,1,11,90,4,0,348,1,0
1068,1,9,0,51,124,4,15,550,0,0
1713,1,5,1,20,104,7,17,971,0,0
1688,0,0,1,21,170,7,0,3984,1,3
1413,1,4,1,45,104,5,6,2973,1,3
559,0,10,0,11,82,5,14,2019,1,1
1483,1,13,0,19,146,7,19,1587,0,1
860,1,13,0,48,187,7,18,1870,0,1
1090,1,5,0,27,91,4,16,1352,0,1
686,0,11,0,3,91,6,15,570,0,0
818,0,14,0,43,177,6,15,546,1,0
1456,1,5,0,49,193,3,20,3624,0,3
774,1,2,1,10,188,2,9,2944,1,2
1068,1,0,1,19,197,8,9,1209,0,0
1373,1,1,1,29,141,6,12,2752,1,3
1777,0,3,0,20,188,6,5,3868,1,3
594,0,2,1,28,132,5,3,3087,1,2
1524,1,5,0,57,124,2,12,947,1,0
511,1,12,0,50,175,3,16,1484,0,0
1402,1,3,0,46,87,7,12,347,1,0
965,0,15,0,53,131,8,19,3227,0,2
1270,0,0,0,58,104,5,1,3299,1,3
919,1,11,0,13,159,1,15,1028,0,0
1963,0,16,1,34,157,2,17,714,1,1
1977,1,2,0,31,173,8,6,2641,0,3
1881,0,4,0,51,158,5,7,1229,0,1
683,0,5,0,19,173,4,17,2622,1,2
772,1,7,0,6,100,2,10,929,1,0
536,0,0,1,53,135,3,0,1211,1,0
1694,0,0,0,53,186,6,0,1653,0,2
1633,1,3,1,33,111,2,19,511,0,0
1371,0,4,0,52,167,4,19,3034,0,2
551,0,0,1,54,172,7,15,1414,1,0
1221,0,1,1,28,139,1,7,2438,1,3
1000,0,12,0,63,179,8,18,3744,1,3
1986,1,3,1,64,162,4,20,1377,1,1
1119,1,0,1,23,164,4,1,3520,0,3
1699,1,1,0,59,97,4,3,3796,1,3
1099,0,13,1,61,146,3,20,1699,1,1
1576,0,7,0,58,90,3,16,336,1,0
950,0,9,0,55,156,5,10,1095,0,0
1081,1,13,0,49,99,3,17,325,1,0
606,0,1,1,53,146,4,2,1223,0,0
502,1,7,0,37,199,2,12,1649,0,1
957,0,0,1,4,160,2,0,1898,0,1
1658,1,0,1,38,159,5,0,2609,0,2
1681,1,6,0,18,167,1,7,2265,1,2
1983,1,3,0,43,87,6,10,2775,1,2
1753,0,8,1,12,113,7,17,1445,1,1
1632,0,0,0,41,132,4,1,2614,0,2
1949,0,7,0,57,145,7,11,356,0,0
1696,0,1,0,13,97,3,2,523,1,0
688,1,0,0,57,131,7,3,3745,0,3
1104,0,1,1,60,199,2,13,1229,1,0
1122,0,0,0,28,184,3,4,1402,0,1
504,1,2,1,46,172,5,14,2085,0,1
1154,0,12,1,14,156,7,14,587,1,0
1727,0,2,1,63,85,7,8,2457,1,3
1674,1,0,1,52,89,3,7,2030,0,2
1948,1,5,1,18,135,2,14,816,0,0
1218,1,3,0,39,150,7,14,1667,0,1
531,0,10,0,63,189,7,14,2958,0,2
1057,0,4,0,5,154,5,13,3705,0,3
576,0,1,0,30,162,8,5,2800,1,2
1960,0,1,0,7,165,7,9,3773,1,3
673,1,3,1,22,88,1,5,2050,0,1
718,1,0,1,21,88,1,7,1754,1,1
864,0,3,1,35,103,3,7,1904,1,1
547,1,1,0,37,154,5,4,2705,0,1
623,0,1,1,3,102,8,7,3537,1,3
1793,1,11,0,27,154,5,13,1370,1,1
1720,1,0,0,19,137,2,3,1222,0,1
812,1,1,0,64,106,4,7,3102,0,2
980,0,0,1,33,160,6,0,2268,0,2
643,0,9,1,18,187,8,12,2648,1,1
1925,1,0,1,16,175,8,11,2173,0,2
1408,0,3,0,32,151,4,6,3162,0,3
1522,1,4,0,28,124,1,5,1368,1,1
587,0,16,1,51,111,1,17,2746,1,2
1959,1,5,0,18,191,6,20,619,1,0
1872,1,3,0,17,89,6,6,724,1,1
1043,0,7,0,42,111,3,8,912,0,0
1809,0,6,0,23,123,6,19,2784,1,3
1703,0,5,1,23,92,6,7,793,0,0
1095,0,4,0,45,197,1,5,560,0,0
1414,0,1,0,27,137,4,20,312,1,0
1659,0,2,0,41,88,7,18,545,1,0
1540,1,1,0,60,197,7,12,1591,1,1
1342,0,0,1,31,86,7,1,2746,0,3
1189,0,13,0,8,198,3,14,893,0,0
518,0,0,1,62,128,6,0,2514,1,1
1449,1,3,1,10,144,1,12,1032,1,1
516,1,0,1,39,91,5,7,819,1,0
1569,1,8,0,59,111,3,16,3672,1,3
1312,1,0,0,24,156,6,0,3833,0,3
1893,1,1,0,23,179,8,3,1482,0,2
1076,0,3,0,14,105,5,4,2043,0,1
530,0,1,0,40,118,6,2,1229,0,0
1044,1,7,0,33,129,4,13,1816,1,1
1330,0,11,0,37,126,7,20,2166,0,2
1836,1,0,0,14,104,5,1,2469,1,2
1741,0,1,1,55,140,5,3,2575,1,2
1869,0,0,1,30,152,1,13,1375,0,1
1331,0,8,0,55,146,3,15,1732,1,1
1655,1,6,1,4,105,3,12,673,0,0
605,0,9,1,18,162,2,14,2301,0,1
1245,0,2,0,30,105,5,3,2676,0,2
1709,0,8,1,58,136,2,10,1781,0,2
846,0,0,1,58,123,4,15,2248,0,2
1403,1,3,0,62,90,4,13,921,0,0
688,0,0,0,2,89,3,2,391,1,0
775,1,1,1,10,185,7,14,1719,1,1
1154,0,6,1,35,159,5,16,3262,0,3
1375,1,2,1,35,194,2,3,1947,1,1
1827,0,4,0,61,130,7,9,2693,1,3
1697,0,0,1,60,90,4,0,441,0,0
741,0,1,0,14,178,5,13,1886,1,0
1672,1,13,1,32,174,1,20,1267,0,1
514,0,4,0,57,186,3,7,687,1,0
1375,1,2,0,12,105,1,13,2890,0,3
989,1,4,1,55,124,1,12,1737,1,1
1510,1,11,0,47,138,2,13,887,0,0
1266,0,1,0,18,86,7,2,398,1,0
1396,1,0,0,46,138,7,1,2389,1,2
808,0,3,0,45,161,1,9,3431,1,3
1542,0,1,0,43,182,2,11,3601,0,3
745,1,5,0,35,102,8,10,2459,0,1
1735,1,0,1,59,148,6,0,3230,0,3
586,1,1,0,57,188,2,5,3646,1,3
1341,1,0,0,36,107,8,1,2200,0,1
781,1,1,0,64,88,2,7,3862,0,3
501,1,14,0,22,174,6,20,3077,0,2
1224,1,2,1,44,139,2,9,621,1,0
1970,1,11,1,58,80,8,19,2372,0,2
618,1,0,1,63,138,2,1,2574,0,2
1537,0,11,1,46,158,4,17,2857,1,3
1018,0,8,0,16,153,8,10,3143,0,3
1545,1,15,1,35,173,5,20,3197,1,3
1871,0,4,1,41,144,8,5,2727,0,3
1729,1,1,0,12,186,1,6,1519,1,1
680,1,9,1,9,131,3,11,2438,0,2
1106,0,4,0,54,107,3,9,2674,1,2
635,1,1,1,50,97,5,13,2107,0,1
618,0,8,0,16,143,1,14,2262,0,2
1671,1,13,0,5,179,8,18,815,1,0
1562,1,0,1,52,105,7,9,2829,1,2
1975,1,2,0,31,151,1,17,3022,1,3
831,0,2,1,62,134,8,9,2573,1,2
1524,1,0,0,10,174,4,1,2678,1,2
1528,1,3,1,55,129,5,6,1282,1,1
1447,1,2,0,9,155,8,16,568,0,0
1344,0,1,0,14,190,1,3,2074,0,1
564,1,1,0,8,130,2,3,2227,1,1
921,1,1,0,60,83,2,3,1080,1,0
1413,0,2,0,10,200,6,6,2867,0,2
831,0,10,0,55,86,6,12,1075,0,0
802,1,3,0,43,153,5,6,3063,0,2
1923,0,3,0,24,86,4,4,2479,0,2
1193,0,10,0,56,196,3,17,2394,0,2
904,1,10,1,31,112,3,11,2814,0,2
1285,0,1,1,51,140,7,2,2094,0,1
1635,1,0,1,2,182,4,0,2315,0,2
1923,1,5,1,14,154,4,6,2519,1,2
1851,1,3,1,12,198,6,11,735,1,0
727,0,0,1,32,131,7,1,1891,1,1
1396,1,0,1,44,118,6,1,1386,1,1
877,1,9,1,46,135,1,14,3260,0,2
696,0,11,1,35,103,3,13,2022,1,1
1009,1,2,0,2,102,8,14,1716,0,1
1526,1,2,1,38,116,5,6,3317,1,3
987,1,1,0,20,192,7,3,1454,0,0
1414,1,0,1,49,101,4,1,2290,0,1
1732,0,2,0,61,172,5,3,3940,1,3
1587,0,0,0,50,148,8,15,461,1,0
1097,0,10,1,21,160,7,15,2219,1,2
504,1,0,0,40,178,3,0,470,0,0
1159,0,13,1,28,80,8,18,2495,1,2
1910,0,0,0,29,146,7,2,2944,1,2
865,1,8,0,59,159,3,9,2361,1,2
1930,0,11,0,16,186,8,12,1783,1,2
860,1,8,1,40,170,3,13,2832,1,2
1268,0,9,1,42,182,6,17,931,0,0
999,1,0,1,27,167,4,1,1344,0,0
622,0,0,1,9,127,2,0,3916,1,2
1250,0,8,0,44,182,7,20,1882,0,1
763,0,9,1,51,104,5,12,2865,1,2
1100,0,12,0,15,112,8,14,757,1,0
815,1,4,0,51,85,6,12,3469,1,3
618,1,2,1,57,88,3,7,2399,1,1
553,1,0,1,18,136,2,1,3300,0,3
673,1,2,0,3,84,2,9,2719,1,2
563,1,3,0,47,115,7,12,3012,0,2
1590,1,12,1,14,187,4,15,2836,0,3
1031,1,2,1,11,121,2,9,2385,0,2
909,1,9,0,30,97,3,10,594,1,0
1880,0,0,1,7,104,4,1,2968,0,3
1479,1,0,1,24,146,6,0,3762,0,3
1271,1,0,0,2,161,1,1,892,0,1
709,0,11,1,13,81,8,15,467,1,0
1744,0,0,1,62,158,1,0,345,0,0
1314,0,0,1,40,116,7,1,3033,1,3
1136,0,0,1,9,150,6,2,2110,1,2
1039,0,11,0,56,125,8,13,3105,1,2
1300,0,5,0,62,156,6,7,874,0,0
732,1,7,1,39,188,7,11,3681,1,3
511,1,1,1,52,180,2,10,3865,1,2
1092,1,10,0,11,167,3,14,737,0,0
921,1,12,1,10,170,7,18,3153,0,3
1030,0,4,1,37,147,1,8,2800,1,2
1130,1,0,0,27,101,1,8,315,0,0
1299,1,2,0,60,187,8,6,1412,1,1
1009,1,7,1,2,115,7,15,2286,0,2
1735,1,16,0,34,140,2,17,2392,1,2
1129,1,0,0,49,185,2,2,1857,1,1
708,0,0,0,26,116,7,1,1419,1,0
894,0,2,1,58,123,2,3,3305,0,2
530,0,1,0,32,88,6,20,959,0,0
1481,1,0,0,35,105,3,0,2635,1,2
1068,1,0,1,45,194,5,1,1754,1,1
1487,0,6,1,57,84,3,12,2563,0,2
1524,1,11,1,41,96,4,20,1936,1,1
1093,1,2,1,22,196,8,14,1869,1,1
1816,1,0,0,50,186,5,2,3637,1,3
627,0,2,0,20,142,3,8,896,0,0
989,0,13,1,51,132,3,15,2349,1,1
1895,0,2,1,5,134,1,11,774,0,1
805,1,0,1,58,168,3,10,3397,0,2
713,0,7,1,2,181,8,9,485,1,0
864,0,10,1,24,148,4,15,3964,0,3
1177,0,1,0,11,181,4,7,1887,1,1
582,0,8,0,32,107,3,11,2977,1,2
1898,1,3,1,56,185,7,4,2114,1,2
1158,1,1,1,29,123,2,20,1542,1,1
1451,0,5,1,57,181,8,12,3038,1,3
1820,0,5,0,51,163,7,10,2481,0,2
984,1,3,1,9,140,3,20,841,0,0
580,1,0,0,24,135,4,5,3565,1,2
1263,0,0,0,5,146,6,3,1958,1,2
1237,0,2,0,27,87,8,5,2454,1,2
514,0,7,1,37,172,1,9,3392,1,3
1515,0,0,1,56,184,3,1,262,0,0
721,1,6,1,6,194,4,9,530,1,0
603,1,3,0,35,126,3,16,3703,1,3
1426,0,2,1,55,109,1,7,2562,0,2
1820,1,0,1,64,161,1,3,574,0,1
1215,0,4,0,16,130,4,8,2632,1,2
697,1,5,1,20,173,2,6,259,1,0
717,1,4,0,10,198,1,5,688,0,0
1348,1,5,0,36,145,6,6,2554,0,2
1164,1,0,0,61,88,1,6,3859,0,3
578,0,9,1,62,170,5,13,2977,1,2
1971,1,0,0,40,186,7,19,571,0,0
1794,1,5,1,55,86,7,7,402,1,0
1558,0,2,1,32,114,5,3,878,1,0
1597,0,4,1,4,85,1,19,2130,0,2
1240,0,0,0,39,146,2,9,3260,1,3
1994,1,2,1,7,88,8,4,454,0,0
1221,0,7,1,35,152,7,19,2638,1,2
989,1,11,1,24,156,8,17,2819,1,2
1180,0,5,1,50,144,4,20,1464,1,1
718,0,10,0,59,113,6,13,1824,0,1
1670,1,0,0,47,139,8,15,876,0,1
534,0,1,1,21,164,7,9,2706,0,2
1566,1,0,0,20,126,2,0,659,1,1
1935,0,0,1,29,124,5,9,455,1,0
504,1,2,0,54,163,2,10,2378,0,2
913,1,1,1,41,103,1,14,2278,0,1
1317,1,2,0,43,113,5,3,3436,1,3
917,0,1,1,31,88,6,2,3424,0,3
712,1,1,0,49,99,6,3,401,1,0
1083,0,6,0,52,126,2,20,681,1,0
1039,0,5,1,6,136,6,8,3212,1,2
1747,0,4,0,13,185,6,12,3105,0,3
1449,1,0,0,52,105,6,0,2036,0,1
1872,1,14,0,49,139,7,18,3153,0,3
1796,1,5,0,7,101,4,6,1642,1,1
1097,0,0,0,60,181,1,17,509,0,0
1562,1,1,1,20,172,8,10,3465,0,3
1433,0,8,1,27,153,7,12,3900,1,3
740,0,1,0,12,123,1,11,1105,1,0
676,0,1,1,39,84,1,5,2064,0,1
503,1,1,1,13,131,1,4,3117,1,3
1020,0,13,1,7,96,3,18,1142,1,1
896,1,3,1,4,111,1,4,1060,1,1
1824,0,4,1,19,143,2,5,2381,0,2
1512,1,1,1,54,134,3,2,3366,1,3
1053,0,7,0,42,126,6,17,1339,1,0
1944,1,0,1,31,87,4,10,2560,0,3
1174,1,1,1,25,91,2,8,285,1,0
627,1,3,1,12,131,7,17,2476,0,1
1602,0,4,1,46,118,1,5,1862,1,1
1733,1,4,1,6,170,1,15,3488,1,3
586,1,10,1,8,142,8,14,3178,1,2
1528,0,2,0,37,156,8,3,733,0,0
875,0,2,0,23,110,7,7,756,0,0
1602,0,12,0,58,170,1,13,3622,1,3
1426,0,4,1,12,174,5,16,1277,0,1
1370,0,5,1,6,158,6,8,3703,0,3
609,0,4,1,10,81,6,6,1905,1,1
840,1,5,1,15,178,6,8,2636,0,2
991,0,2,1,12,158,5,6,2014,0,2
1724,0,0,1,9,100,2,1,3056,0,3
584,0,0,1,19,168,3,0,465,0,0
860,1,1,1,49,141,6,13,3869,1,3
1541,1,10,1,28,165,5,15,1108,1,1
615,1,7,0,58,130,5,8,1906,0,1
912,1,6,1,46,84,4,11,851,1,0
1278,0,10,1,60,172,7,14,3142,1,3
1365,0,0,1,31,125,4,0,1300,1,0
1702,0,7,0,36,177,5,9,1430,0,2
589,0,1,1,59,146,8,4,362,1,0
1347,1,10,0,56,95,1,19,2456,1,2
1644,0,0,1,44,137,8,0,2360,0,2
956,1,1,0,42,133,7,11,3700,0,3
1089,1,10,0,2,153,7,20,2620,0,2
871,0,2,0,52,178,3,3,437,0,0
664,0,5,1,6,164,2,19,3774,0,3
1874,0,1,0,19,192,2,9,1218,0,1
1928,0,5,0,5,162,5,16,696,1,0
888,1,2,1,33,198,2,17,3407,0,3
1077,1,1,0,58,86,7,13,3902,0,3
1023,1,5,1,30,80,8,7,2086,1,1
1426,0,2,1,42,84,3,10,1356,1,1
831,1,7,1,26,177,5,11,1704,1,0
1496,1,0,1,6,85,3,9,3571,1,3
1433,0,2,1,5,129,5,11,2132,1,1
1095,1,0,1,44,103,4,5,3209,1,3
643,1,3,1,23,156,1,9,2096,0,1
1142,0,0,1,6,198,4,0,1273,0,1
730,1,3,1,27,112,5,10,3623,0,2
1901,0,5,1,41,131,2,17,368,0,0
1510,1,1,0,32,135,3,8,854,1,1
1924,0,0,1,59,136,6,0,3646,1,3
1825,1,13,1,17,157,4,18,3130,1,3
1275,1,3,1,5,152,1,9,3784,0,3
987,0,9,0,17,124,7,17,3885,0,3
1538,0,6,1,13,121,7,7,1494,1,1
1965,0,4,1,29,149,5,13,2973,1,3
808,0,7,0,20,185,6,14,1471,0,0
712,0,6,0,27,86,2,11,2001,1,1
1507,1,0,1,42,123,5,0,1486,0,1
912,0,3,0,47,182,3,6,1321,1,0
769,0,2,0,17,95,8,4,1877,1,1
948,0,14,0,22,173,5,20,3499,1,3
507,1,0,1,39,142,1,0,2124,0,1
1384,1,15,0,60,82,3,18,1221,1,1
1766,0,1,0,29,194,8,20,2316,1,2
1407,1,5,1,16,170,4,6,1068,0,1
614,1,3,1,24,94,4,7,1930,1,1
1972,0,9,0,14,196,7,18,1316,0,1
1039,1,8,0,47,130,8,9,1742,0,1
511,1,5,1,34,125,8,13,3265,0,2
1811,0,4,1,5,98,4,16,2700,1,2
1159,0,3,0,36,104,4,8,2115,0,2
1848,1,7,0,12,178,2,19,3915,1,3
1988,0,0,1,16,94,8,1,3144,0,3
1469,0,3,1,58,150,7,8,1571,0,2
1423,0,12,0,44,131,5,13,2253,0,1
1974,1,9,0,10,145,6,12,1433,0,1
835,1,2,1,42,128,5,18,2583,1,2
1429,0,8,0,42,151,5,9,1817,0,1
947,0,1,1,51,144,2,15,2915,1,2
1446,1,0,1,18,178,8,1,3340,1,3
1332,1,5,1,7,168,7,19,2790,0,2
1498,1,0,1,14,191,4,1,577,0,0
1576,1,0,1,14,173,2,4,3220,0,3
1398,1,8,1,26,150,1,12,3488,0,3
1885,1,12,1,14,92,4,15,1277,1,1
798,1,7,0,2,148,2,15,3593,0,2
1436,1,0,1,42,124,8,1,2736,0,3
1998,0,8,0,31,196,8,19,2311,0,2
1321,0,0,1,63,109,8,9,1464,1,1
1021,0,7,0,9,192,2,12,1355,0,1
1339,1,0,0,40,123,2,1,2382,1,2
1210,1,9,0,57,111,4,20,1886,1,1
1949,1,2,1,31,145,5,9,832,0,1
882,1,9,1,28,151,6,16,751,1,0
1549,1,0,1,27,113,5,7,436,0,0
1991,1,1,1,42,82,1,13,722,0,0
796,0,2,0,12,114,1,8,1075,0,0
1012,1,4,0,39,161,4,6,2802,0,2
1318,1,0,1,11,188,2,15,1780,0,1
1708,0,8,1,14,197,4,16,1247,0,1
598,1,8,1,62,117,8,9,3066,0,2
541,0,4,0,51,200,8,17,403,0,0
818,1,2,1,23,192,5,17,2518,0,2
1414,0,0,1,15,168,2,0,1069,0,0
601,1,3,1,6,169,4,11,2651,1,2
561,1,2,1,40,99,7,6,2974,1,2
1616,1,3,0,52,100,5,8,657,0,0
1263,1,1,1,32,103,2,2,3372,0,3
1604,1,0,1,63,93,5,2,1464,0,1
539,1,1,0,24,86,4,2,1326,0,0
1071,0,0,0,49,199,4,5,3393,0,3
826,1,0,1,57,135,2,0,323,1,0
771,0,2,0,62,106,1,8,1628,0,1
1811,0,0,0,33,132,8,2,2610,0,3
1842,1,7,0,56,179,4,10,3721,1,3
1420,1,1,0,50,100,8,8,763,1,0
1763,1,12,0,10,184,3,19,792,1,0
1163,0,6,0,2,133,5,20,1568,0,1
1805,0,0,0,29,182,4,2,1276,0,1
610,1,9,0,52,90,4,19,3472,1,3
1533,1,18,1,17,160,4,20,2520,1,2
1924,0,3,1,63,111,2,10,3423,0,3
1801,1,6,0,52,120,6,10,258,0,0
1726,0,1,1,42,106,5,3,1868,0,2
794,1,15,0,14,197,3,19,2171,1,1
1686,1,4,0,28,182,5,8,780,0,0
1444,1,0,0,6,103,1,1,712,0,0
1004,1,0,1,30,160,8,1,1012,1,0
1242,0,8,0,28,166,4,9,318,0,0
539,0,6,1,26,137,6,8,3948,1,3
717,1,2,1,14,99,8,6,629,0,0
1540,1,0,1,29,157,7,1,1161,0,0
672,0,7,1,35,99,8,17,1403,0,0
1325,0,0,1,13,133,4,8,3707,0,3
950,0,6,1,55,124,8,7,1305,1,0
948,1,6,0,18,119,4,7,2926,1,2
1328,0,5,1,27,144,3,18,2674,1,2
1447,0,3,0,40,184,2,5,471,1,0
1973,1,3,0,21,95,8,7,1724,1,1
1731,1,18,0,60,171,4,20,1220,0,1
1617,0,1,1,63,111,2,10,2754,1,2
1791,1,1,1,33,110,5,4,594,1,0
851,1,7,1,54,101,2,9,1005,1,0
856,1,0,1,14,115,1,7,2439,1,1
714,0,1,0,30,145,4,2,2302,1,1
951,0,6,1,15,81,2,17,1083,0,0
1303,0,6,1,10,109,8,15,2219,1,2
1550,0,2,0,32,126,7,5,1571,0,2
1759,0,10,1,15,101,4,13,2107,0,2
1448,1,18,0,2,100,5,19,593,1,0
1987,0,0,0,50,119,8,18,857,0,1
908,0,1,0,44,95,5,2,3518,1,3
820,1,2,0,58,160,4,4,1284,1,0
904,1,4,0,19,147,6,7,545,0,0
667,1,4,1,6,149,6,10,3566,1,2
1109,0,1,0,34,173,1,4,2821,1,2
1333,0,3,1,59,183,7,5,3442,0,3
1352,0,5,1,6,92,6,9,1309,0,1
1600,1,1,0,19,88,6,9,1179,1,1
1454,1,8,0,37,80,8,20,1713,0,1
1489,1,0,0,9,169,3,1,1663,1,1
1823,1,11,0,10,81,8,19,1812,1,2
1581,0,9,0,41,172,4,19,1384,1,1
1672,1,1,1,44,172,8,4,1348,1,1
1283,1,0,1,27,80,4,6,3957,0,3
630,0,9,1,14,180,8,13,1212,0,0
659,0,0,1,24,151,8,2,3925,1,3
1811,1,0,0,32,115,6,0,348,1,0
688,0,9,0,40,109,5,20,1382,0,1
514,1,5,0,18,141,2,8,980,1,0
1933,1,1,0,16,154,3,9,838,0,0
915,0,8,1,31,91,3,20,378,0,0
1006,1,4,1,22,135,4,8,909,1,0
1134,0,2,1,13,92,4,19,3632,0,3
599,0,0,1,64,186,8,1,3396,0,2
973,1,5,0,53,196,5,7,1861,0,1
1180,0,0,1,27,90,6,1,348,1,0
1237,0,7,0,13,98,4,12,2528,0,2
659,1,7,1,5,169,8,10,2190,0,1
1142,1,6,0,6,190,8,8,663,1,0
1002,1,16,1,11,185,6,18,961,1,0
1392,0,0,1,44,113,4,2,1280,1,1
602,0,9,0,50,141,8,18,2189,0,2
1249,0,3,1,55,140,3,8,531,1,0
531,1,0,1,12,121,4,3,2331,1,1
1450,0,1,0,31,114,5,4,794,1,1
1342,0,1,0,50,173,1,8,2644,1,2
832,0,5,1,22,198,1,8,1666,1,1
867,0,0,1,57,159,4,0,2157,0,1
1404,0,16,0,44,151,1,20,1196,1,1
840,1,6,0,33,150,6,7,2072,0,2
1368,0,10,1,42,91,1,20,1590,0,1
1927,1,3,0,11,190,8,12,2916,1,3
1714,1,7,0,31,120,2,10,3707,1,3
1201,0,1,1,10,198,6,5,726,0,0
1796,0,4,0,44,184,2,11,3577,0,3
1147,1,11,0,28,158,6,13,2627,1,2
776,0,0,1,20,146,4,9,685,1,0
510,0,0,0,33,110,6,10,1693,0,1
1045,1,3,1,40,175,6,7,2137,1,2
1497,1,4,1,10,153,8,20,3696,1,3
1425,0,0,1,33,89,3,2,3771,1,3
726,0,0,1,40,94,4,20,1342,1,0
1576,0,0,1,20,148,3,0,1379,1,1
714,1,5,1,11,197,3,6,1164,0,1
1595,1,1,0,63,88,1,20,908,1,1
541,0,0,1,10,127,4,0,1019,0,1
1617,0,14,0,29,113,6,20,3685,0,3
1154,1,2,1,5,98,1,13,1470,0,1
1638,0,6,0,2,189,1,11,2299,1,2
1150,0,0,0,39,151,8,1,999,0,0
1254,0,0,1,44,149,1,10,3011,0,2
1806,1,2,1,54,117,1,11,3142,1,3
603,0,8,0,12,114,6,20,1543,0,1
1834,0,7,1,40,99,4,11,3692,0,3
520,0,0,1,31,145,6,14,2753,1,1
565,1,1,0,50,158,2,8,2156,1,1
1689,0,11,0,9,150,5,15,2637,0,2
742,0,0,0,21,104,8,1,331,0,0
1143,1,1,1,22,125,3,6,1214,0,1
761,0,9,0,3,196,7,15,2248,1,2
959,1,0,0,36,196,5,14,3073,1,3
772,1,7,1,8,134,7,8,422,0,0
1015,0,5,0,12,102,3,14,2293,0,1
1824,1,9,1,2,103,1,14,3958,0,3
1130,1,1,1,29,130,1,14,432,1,0
1183,1,3,1,48,120,8,12,1152,0,0
574,1,0,1,26,118,6,2,1303,1,0
1472,0,4,1,20,169,2,6,797,0,0
1868,0,2,1,40,179,8,17,298,0,0
1375,0,2,0,20,147,6,7,3847,1,3
881,0,1,0,64,160,3,6,2110,1,1
1742,1,5,1,43,176,3,7,1921,0,2
1225,1,6,0,60,107,2,15,2423,0,2
1970,1,0,1,15,132,2,0,1658,1,2
1186,1,2,0,21,160,8,4,2361,0,1
1762,0,7,0,60,157,4,10,1380,0,1
1731,1,4,1,4,163,6,18,3892,1,3
852,1,5,1,8,160,5,9,315,0,0
848,1,4,1,36,151,4,16,2289,1,1
1575,1,0,1,11,185,7,20,2182,0,2
1554,1,7,0,23,105,6,18,2184,1,2
1972,0,0,0,48,92,8,2,2872,1,3
827,1,9,1,35,87,6,17,2367,1,1
1063,0,7,0,3,155,4,10,1919,0,1
1695,1,1,0,34,84,5,10,3296,0,3
1343,1,5,1,14,81,8,10,462,1,0
834,0,2,1,27,123,1,16,1591,0,1
595,0,0,1,20,122,2,18,1593,1,0
1081,1,13,1,42,101,7,17,2456,0,1
911,1,3,0,14,199,4,4,2933,0,3
844,1,1,1,22,197,7,2,3154,0,3
1335,0,3,0,60,180,2,4,3615,0,3
1883,0,9,0,24,87,1,16,3563,0,3
1128,1,6,0,33,147,8,7,1440,0,1
826,1,14,1,57,117,2,17,1907,0,1
1650,0,0,1,38,89,1,1,324,1,0
1162,0,0,0,50,104,4,10,1404,1,1
1517,0,2,1,8,169,4,18,2738,0,2
963,0,1,1,60,156,3,3,2722,0,2
1837,1,5,1,12,103,8,6,2294,1,3
1028,0,1,1,30,193,1,10,1424,1,1
1831,1,4,0,55,189,8,9,1133,0,1
571,1,5,1,58,101,6,11,555,1,0
1770,0,0,0,9,183,6,5,3785,1,3
970,1,5,0,59,84,7,19,3675,0,3
642,0,0,1,38,86,5,10,435,0,0
622,1,12,0,11,193,8,14,3183,1,2
600,0,9,1,6,199,2,15,3495,0,2
1412,0,9,0,57,86,3,10,1853,1,1
733,0,7,0,16,138,4,12,2648,0,2
1070,0,9,0,19,160,7,16,2647,0,2
875,1,1,0,30,146,8,8,702,1,0
1994,0,5,0,5,189,2,7,1836,0,2
823,1,9,1,18,182,5,16,3894,0,3
1908,0,9,1,30,111,2,19,2944,1,3
790,1,7,1,44,89,8,8,3424,0,3
1330,1,1,0,40,177,1,5,2678,1,2
1660,0,2,1,15,100,8,8,2424,0,2
1776,0,2,0,20,82,6,16,2671,1,3
1611,1,4,1,27,199,1,10,3078,1,2
1410,1,0,1,15,92,3,1,2304,0,2
1772,0,17,1,45,159,2,18,1146,0,1
1280,0,0,1,39,108,7,1,2335,1,1
1712,1,2,0,23,155,7,19,1422,0,1
1562,0,0,0,55,140,8,1,2096,0,2
891,1,1,1,18,153,6,3,1303,1,0
1957,1,18,1,36,151,2,19,1115,1,1
1110,0,1,0,42,192,5,2,456,0,0
875,1,1,1,43,104,8,3,3396,0,3
1211,0,0,0,28,130,2,3,2750,0,2
769,1,12,1,54,112,4,19,941,1,0
671,0,7,1,2,95,6,19,2278,0,2
1872,0,5,1,26,172,4,10,2273,1,2
1076,1,0,1,14,191,5,0,2355,1,2
1325,0,2,0,50,146,1,10,2328,0,2
911,1,1,1,28,182,2,2,2638,1,1
1273,0,1,0,23,178,6,14,558,0,0
1062,0,3,1,39,124,4,4,1345,1,0
1317,0,6,0,12,154,2,9,425,1,0
940,0,0,0,16,115,4,1,2192,1,1
729,0,0,0,14,135,6,2,3397,1,2
1494,0,6,1,3,93,7,17,1208,0,1
1546,1,2,1,27,124,2,6,267,0,0
1253,0,0,1,34,113,4,10,3518,1,3
895,1,6,0,16,164,8,14,3122,1,2
793,1,0,1,43,124,8,2,1050,1,0
1628,1,11,0,56,136,2,13,3358,1,3
625,1,2,0,42,138,8,3,2929,0,2
1110,0,2,1,12,153,8,5,624,0,0
999,0,6,0,49,132,1,17,1598,0,1
1856,1,0,1,24,155,5,1,2052,0,2
1715,1,9,1,15,120,6,20,1249,0,1
1897,0,2,1,54,154,2,7,412,0,0
1202,1,0,0,19,122,2,1,595,0,0
1171,1,2,0,19,167,7,19,263,0,0
964,0,0,1,22,86,8,0,2577,0,2
1973,1,6,0,46,193,4,10,639,1,0
1992,1,11,0,2,141,1,14,3206,0,3
546,1,5,0,26,159,5,15,1550,0,1
1093,0,1,1,31,171,2,12,1646,0,1
1880,0,11,0,35,200,4,14,1930,0,2
1765,0,3,0,11,87,2,7,3695,0,3
1640,1,1,1,36,87,8,11,3235,1,3
1830,0,0,0,7,191,6,12,2334,0,2
826,0,3,0,62,187,4,19,1998,0,1
1864,0,0,1,7,142,1,2,2258,0,2
586,0,16,1,42,121,7,17,1869,1,1
1206,1,10,1,30,127,3,13,1825,1,2
832,1,1,1,5,165,5,2,3946,1,3
848,0,1,0,8,103,7,3,436,1,0
1851,0,0,0,53,112,6,2,2678,0,2
1166,0,7,0,59,80,1,11,3887,1,3
1776,1,10,0,35,172,4,16,1813,1,1
1254,0,2,1,27,134,2,10,817,1,0
1494,1,4,1,24,101,1,17,3614,0,3
984,1,0,1,39,119,8,18,2013,0,1
1179,0,1,0,5,154,5,17,543,1,0
513,0,8,0,27,174,8,13,3400,1,2
557,1,3,0,17,89,6,4,2623,0,1
744,1,0,1,33,105,4,2,2700,0,2
1129,1,9,1,21,116,2,10,1400,0,1
1148,1,0,1,58,170,5,20,3127,0,2
1793,0,12,1,44,175,5,17,2803,1,3
1310,1,3,0,15,150,5,11,2518,1,2
1604,0,1,0,6,191,6,15,3564,0,3
1676,0,2,0,37,145,1,3,2515,1,2
1001,1,1,0,40,117,3,7,3654,1,3
1086,0,0,1,24,135,8,19,3930,1,3
1986,1,7,1,39,89,7,19,3476,0,3
634,0,5,0,41,192,1,12,3242,1,3
502,0,7,0,52,82,6,8,2666,0,2
1641,0,6,0,48,97,8,7,1695,1,2
623,1,0,1,15,189,3,1,3510,1,2
962,1,3,0,17,161,8,20,3438,0,3
1057,0,3,1,41,97,4,10,2033,0,1
1862,0,1,0,62,182,1,2,1017,0,1
555,1,5,1,38,193,2,10,1686,1,1
1000,0,1,1,58,135,5,12,862,0,0
841,0,6,1,11,81,5,14,957,0,0
865,0,5,0,16,89,4,12,3494,1,3
999,1,11,1,56,165,4,13,3083,1,2
1232,0,12,0,30,131,6,14,1656,1,1
1194,0,6,1,34,165,2,12,313,0,0
612,1,1,1,20,179,8,6,3282,1,3
1362,0,0,0,47,186,6,4,3629,1,3
1469,1,11,1,44,169,2,14,1687,1,1
986,0,13,1,28,182,4,20,1149,0,0
1843,0,1,1,62,104,3,7,3899,1,3
1561,1,10,1,4,134,2,13,1783,0,2
1695,1,2,1,47,189,5,13,1629,0,1
667,1,3,0,8,185,1,7,2528,0,2
1768,0,0,1,2,88,7,2,3256,0,3
1269,1,16,0,41,180,8,17,2341,1,2
1109,1,6,0,57,151,1,12,2785,0,2
936,1,14,1,14,164,3,17,3761,0,3
1713,0,9,1,5,199,6,16,1513,1,1
1175,1,1,1,45,167,2,7,2240,0,1
1940,1,0,1,5,194,4,1,820,1,1
855,0,2,1,59,159,2,3,1875,1,1
771,1,0,1,33,157,3,17,920,1,0
645,0,10,1,63,174,4,14,3615,1,2
1307,0,2,0,7,88,7,3,1412,1,1
1948,1,4,0,5,136,1,13,361,0,0
1509,1,5,0,50,81,4,8,1540,0,1
626,1,3,1,11,109,2,9,1077,1,0
1190,1,0,0,40,93,5,1,3610,1,3
1727,1,10,0,57,158,6,18,512,0,0
1670,0,14,0,62,114,8,20,3024,1,3
1150,1,4,1,27,134,1,17,1610,0,1
1208,0,5,1,16,175,1,19,2201,0,1
1812,1,4,1,42,162,7,15,3338,1,3
770,1,6,0,61,196,4,9,3473,1,3
1559,1,10,1,10,114,8,17,2203,1,1
1902,0,10,0,13,155,4,11,940,0,1
1751,0,1,0,4,146,8,9,1155,1,1
1416,1,0,0,20,93,4,0,3872,1,3
1288,1,3,1,61,115,6,6,1882,1,2
1003,0,16,1,16,119,8,19,1798,0,1
1715,1,1,1,18,96,6,3,2598,0,3
1967,0,0,1,46,199,1,7,1567,0,1
962,1,14,0,2,125,1,20,1491,0,1
1487,0,5,1,42,120,2,7,2003,0,2
1569,1,4,1,54,190,4,6,3905,0,3
1146,0,5,1,57,111,5,10,291,1,0
1379,0,6,1,9,118,8,13,1693,1,1
1504,1,7,1,25,152,4,9,1788,1,1
1945,0,3,0,26,112,6,5,3322,1,3
1630,1,0,1,32,80,6,1,1751,1,2
1125,0,10,0,23,117,1,14,1641,0,1
614,0,4,1,51,178,7,7,2854,1,2
854,0,5,1,17,101,4,9,3115,0,2
1470,1,6,0,45,121,1,9,3259,1,3
1826,1,5,1,49,172,8,6,1612,0,2
807,1,0,0,37,127,4,0,2319,0,1
1996,1,0,1,7,138,5,4,1258,0,1
1083,0,3,0,41,158,5,5,1543,1,1
1035,1,14,1,49,178,2,15,3991,0,3
1521,0,5,1,62,143,1,9,3555,0,3
1314,1,13,1,5,87,4,18,3411,0,3
535,0,5,0,24,190,8,19,524,0,0
673,0,13,1,35,142,6,14,3541,1,3
1219,1,5,0,4,169,6,7,1998,0,2
1606,1,0,1,33,200,5,0,3437,0,3
1603,1,1,1,17,114,2,8,1637,1,1
1958,0,6,1,52,153,1,14,3064,0,3
695,0,18,1,12,196,2,19,2855,1,2
1441,1,0,1,53,106,1,12,1393,1,1
1470,1,4,1,33,138,7,10,1633,0,2
1890,0,4,1,48,127,4,5,2392,1,3
1152,1,0,1,26,82,2,0,3284,1,3
1619,0,3,0,20,117,6,9,464,1,0
1002,0,1,0,45,180,7,7,1234,0,0
742,0,0,1,36,139,3,1,292,1,0
1306,1,2,1,33,174,3,9,2521,0,2
1424,1,0,0,20,180,5,0,2658,0,2
942,1,8,0,27,91,4,9,587,1,0
1934,0,8,1,2,118,4,16,2190,1,2
1290,1,19,1,35,110,4,20,879,0,0
930,1,0,0,54,80,1,13,1743,0,2
1699,0,16,0,21,156,4,20,1181,0,1
1849,0,1,0,29,181,7,12,3330,1,3
1922,0,15,1,42,153,8,16,3564,0,3
548,1,0,1,56,146,4,14,562,1,0
916,0,0,1,47,82,4,1,1659,0,1
1783,0,8,0,14,183,8,11,1816,1,2
1083,1,2,1,49,156,5,9,1338,1,0
1698,0,10,1,7,131,8,12,2992,0,2
1969,1,5,1,7,85,8,20,315,0,0
869,0,0,0,2,197,7,3,3249,1,2
1337,1,0,0,5,200,4,1,3242,0,2
637,1,2,0,28,194,4,6,2725,0,2
833,1,0,1,27,145,4,2,586,1,0
1248,0,6,1,9,89,3,8,2454,0,2
1174,0,7,0,30,147,4,20,804,1,0
1831,0,3,1,44,148,7,14,2460,0,2
1002,1,7,0,27,146,1,10,1295,1,0
1010,1,2,1,8,139,5,3,2625,0,2
1117,1,2,0,21,177,2,19,1999,1,1
990,1,3,0,15,153,2,7,2698,0,2
1564,0,5,1,26,129,6,16,3742,0,3
1065,1,0,1,21,158,5,3,1193,1,1
1982,0,12,0,24,129,7,16,3511,1,3
1607,1,6,1,20,192,2,8,885,0,0
1066,1,6,1,5,167,5,7,1044,0,0
681,1,12,1,17,194,5,19,2548,1,2
1163,1,0,1,19,132,2,1,2940,1,2
1285,1,4,1,11,199,5,7,3966,1,3
753,0,11,1,48,121,8,20,3484,0,3
1779,1,2,0,5,90,1,3,1246,0,1
987,0,4,1,52,83,3,8,2757,0,2
511,1,15,1,24,136,3,18,2378,0,1
1044,0,4,1,12,104,6,5,1794,1,1
1855,0,5,0,32,187,8,18,3933,1,3
946,0,9,0,26,186,6,10,1637,1,0
657,1,2,0,21,110,8,8,783,0,0
1673,0,2,0,42,182,5,6,3094,0,2
731,1,0,1,28,130,8,0,1774,0,1
926,0,6,1,59,161,7,14,256,1,0
1261,0,3,1,52,86,2,9,1365,1,1
618,0,11,1,45,188,3,20,2339,0,2
936,0,5,1,57,129,2,6,2049,0,1
1485,1,0,1,28,158,5,1,3241,0,3
1339,1,10,1,21,80,4,11,867,0,0
508,0,1,0,50,82,5,9,2175,1,1
1938,1,5,0,44,121,2,9,3497,0,3
995,1,1,0,10,104,4,3,609,1,0
1086,1,0,1,43,111,6,1,3285,0,2
1322,1,1,1,35,157,1,3,3684,0,3
1864,1,2,0,57,181,6,6,3586,1,3
1944,0,1,1,26,92,4,9,2322,1,2
581,0,5,1,56,180,2,10,354,1,0
1020,1,3,1,27,128,4,4,3204,1,3
1936,0,2,0,44,139,3,3,1400,1,1
1329,0,5,1,23,198,8,6,2308,0,1
808,1,3,0,46,105,8,15,1082,1,0
994,1,4,0,40,164,2,17,3104,0,2
1811,0,3,1,22,82,2,8,2847,1,2
765,0,3,0,44,88,8,11,2256,1,2
993,1,0,0,16,106,7,13,1113,1,0
1136,0,15,0,32,150,6,19,3210,1,3
719,1,0,1,23,113,6,9,3990,1,3
733,1,0,0,63,105,7,10,984,1,0
1946,1,8,0,8,123,8,19,3117,0,3
1230,0,0,1,48,111,7,2,1622,1,2
1577,1,0,1,64,105,3,7,2967,1,3
1514,0,3,1,12,138,3,4,1037,1,0
579,0,3,0,7,89,8,10,2908,1,2
574,0,1,1,30,126,2,3,1167,0,0
1072,1,6,0,19,114,8,16,2715,0,2
843,1,1,0,16,119,7,4,1734,1,1
1492,0,5,0,11,85,3,7,2259,1,3
1807,0,0,0,16,125,3,0,2921,0,3
909,1,7,0,47,146,3,9,1244,0,0
1876,1,9,1,64,98,3,19,3132,1,3
1436,1,3,1,23,106,5,4,2488,0,2
1251,1,10,1,29,133,6,16,1052,0,0
636,0,8,1,28,152,2,15,2927,0,2
1354,1,3,1,26,136,4,6,2090,0,1
930,1,3,1,34,190,4,16,2131,1,2
1830,0,7,1,47,117,1,11,3362,0,3
1424,1,16,1,23,80,4,18,1053,1,1
583,1,1,0,51,88,8,2,1799,0,1
648,1,9,1,54,109,5,20,3124,0,3
1203,1,0,1,11,109,2,12,1672,0,0
1777,1,0,0,15,100,4,7,1552,0,1
1299,1,0,0,64,83,6,6,1938,1,1
1494,0,2,1,47,129,2,9,3202,0,3
527,1,4,0,53,128,1,11,1302,0,0
793,1,1,1,64,179,4,2,2296,0,1
873,1,6,0,8,152,7,9,575,1,0
722,0,12,0,12,93,6,20,2359,0,1
1250,0,14,1,20,167,5,18,3314,1,2
1358,0,0,0,60,147,3,1,440,0,0
1035,1,8,0,11,173,6,10,2002,0,1
1289,1,3,1,16,161,6,17,3167,0,3
1445,1,2,0,37,82,2,6,3480,1,3
1702,1,12,1,47,107,2,19,595,1,1
534,1,4,0,2,85,5,16,2466,1,2
628,0,5,0,60,87,6,6,1337,0,1
713,1,4,0,53,98,1,17,1462,1,0
1207,0,0,0,58,112,8,0,503,0,0
683,0,7,0,30,197,7,8,2066,0,1
594,0,1,0,27,196,5,2,708,1,0
537,0,1,1,55,103,7,2,2029,1,1
1565,0,0,0,38,121,5,1,308,1,0
1052,0,1,0,6,195,4,16,552,1,0
713,0,4,1,63,89,2,8,2082,0,1
1766,1,1,0,16,141,5,7,3314,1,3
584,1,1,1,19,199,4,4,3996,1,3
1541,1,6,1,5,109,4,10,1795,1,1
837,1,1,0,51,104,5,15,594,1,0
935,1,3,1,58,155,5,12,2473,1,2
665,0,0,1,31,185,5,2,690,0,0
680,0,13,1,34,157,2,17,3845,1,3
877,1,0,1,17,195,7,0,2004,1,1
1493,1,13,0,53,102,5,16,2083,1,2
1762,0,3,1,26,83,6,14,2661,0,2
842,1,4,0,57,124,3,10,1903,0,1
925,0,9,0,56,196,1,14,2466,0,2
1692,0,4,1,2,106,1,17,3779,1,3
1576,0,8,0,5,139,3,17,3904,1,3
1065,1,4,1,48,162,6,8,265,0,0
958,0,9,1,60,200,1,12,1417,1,0
623,0,6,1,26,197,7,12,1769,0,1
897,1,1,0,17,171,1,2,2948,1,2
1110,0,4,1,41,152,3,16,2572,1,2
616,0,3,1,21,150,7,4,3267,0,2
1680,1,6,1,37,168,4,7,1459,0,1
1715,0,0,1,12,94,8,6,1633,1,2
983,1,0,1,45,130,4,11,2052,1,1
720,1,12,1,14,165,4,14,1086,0,0
1660,0,2,1,24,169,2,3,2402,1,2
1564,1,1,0,42,108,2,2,3376,0,3
592,1,1,0,52,103,7,10,1507,1,0
969,1,2,1,44,158,3,7,641,1,0
1356,1,0,0,35,131,1,19,3451,1,3
504,0,8,0,14,189,7,9,1607,1,0
1546,1,3,1,6,101,1,4,3521,0,3
689,1,3,1,7,147,2,6,1241,0,0
1685,0,14,0,16,137,7,15,881,1,0
1792,0,3,1,62,170,7,8,2563,1,3
1786,0,11,0,61,123,3,14,3033,0,3
1944,1,9,1,59,132,7,10,769,1,0
1077,0,13,1,49,131,4,14,3454,1,3
648,0,1,1,60,195,4,4,819,0,0
1702,1,8,0,2,185,6,19,435,1,0
1571,0,1,0,30,150,7,3,586,1,0
856,1,14,1,19,125,6,19,650,1,0
1786,0,6,0,14,115,4,15,3038,0,3
914,0,1,1,60,198,5,4,3736,0,3
1615,0,3,0,9,117,1,13,2948,0,2
649,0,4,1,19,190,7,12,739,0,0
1646,0,3,1,25,200,2,5,686,0,0
1189,0,5,0,7,164,2,20,841,0,0
1043,0,3,0,29,83,8,17,1183,0,0
1920,1,3,1,19,131,3,8,3943,0,3
1220,0,1,0,54,109,7,20,1037,0,0
1748,1,11,1,53,114,4,20,2633,0,2
907,1,7,0,44,160,3,12,3911,0,3
1193,0,7,0,20,158,7,13,1958,0,2
1766,1,1,1,22,122,8,4,3297,0,3
1278,0,7,1,24,170,3,16,3141,1,3
1234,1,8,0,17,174,6,15,3351,1,2
1961,0,10,0,55,100,7,20,2355,1,3
1745,0,0,1,3,105,3,0,1308,0,1
1442,1,1,0,27,127,5,8,991,0,0
1083,1,1,1,39,173,8,2,3248,1,2
868,0,5,0,5,137,4,7,1519,1,0
864,1,0,1,53,88,6,1,493,0,0
1142,0,0,0,2,114,6,0,1747,0,1
608,1,0,0,64,94,4,0,2517,1,1
983,0,0,1,53,187,1,4,1389,1,1
1720,0,18,1,2,188,5,20,2522,1,2
1802,1,8,0,27,116,5,16,1885,0,2
591,1,18,1,16,196,7,20,704,1,0
1205,0,5,0,10,163,6,10,953,1,0
1369,1,3,0,28,108,1,18,3206,0,3
713,1,0,0,42,94,1,14,928,1,0
1082,1,11,0,2,101,4,20,2177,0,1
1719,1,0,0,52,187,3,1,2610,1,2
1544,0,18,1,12,186,7,20,489,1,0
1090,0,1,1,8,128,8,8,3839,1,3
1991,0,3,1,15,181,1,13,1861,1,1
1367,0,4,0,56,176,2,6,299,0,0
1179,0,7,1,32,182,2,12,340,0,0
721,1,1,1,15,102,5,18,3606,1,3
1549,1,0,0,62,91,4,4,799,1,0
1349,1,3,0,46,134,6,12,2367,1,1
1799,0,1,1,30,123,3,9,445,0,0
1075,1,2,0,11,122,1,16,3927,0,3
684,1,3,1,63,157,5,9,3756,1,3
1837,0,9,0,36,162,4,20,770,1,0
1619,0,2,1,21,138,1,9,1641,0,1
965,0,1,0,13,197,8,2,2343,0,2
730,0,9,0,9,122,4,15,2787,1,2
1361,0,1,0,47,169,5,2,2495,1,2
1494,0,3,1,45,158,5,4,3208,0,3
1027,0,7,0,18,146,7,11,1234,1,0
1807,1,0,1,38,97,8,0,1069,0,1
709,1,1,0,11,130,5,11,3568,1,3
689,0,2,0,45,103,5,11,3585,0,3
955,0,2,0,2,155,4,10,1974,0,1
1872,0,5,0,35,111,3,14,2419,0,3
1259,1,0,0,13,97,2,0,340,1,0
695,0,1,1,41,169,8,8,2282,0,1
1969,1,9,0,63,132,4,11,298,0,0
759,0,3,1,39,162,2,8,968,0,0
936,0,1,0,18,153,3,18,2391,1,2
1176,0,2,1,62,168,2,10,1534,0,1
1802,1,0,1,10,101,7,9,696,0,0
772,1,0,1,23,97,7,11,2782,0,2
1318,0,1,1,45,136,2,7,755,1,0
591,1,1,1,16,90,6,17,3746,0,3
569,1,0,0,41,124,1,1,2651,0,1
764,1,9,1,45,124,8,11,1341,0,0
1056,1,8,1,37,101,3,11,2651,1,2
1982,0,2,1,12,80,5,20,1824,1,1
1830,0,5,0,14,160,6,6,1905,1,2
1122,0,0,1,40,156,7,14,1456,0,1
1023,0,2,1,63,153,7,8,3155,1,3
1283,1,8,1,33,93,3,15,773,0,0
1602,1,0,1,35,99,7,7,1829,0,2
732,0,5,1,32,163,8,7,3883,1,3
1854,1,0,1,33,195,1,0,1675,1,1
718,1,1,1,30,93,3,12,1601,1,1
897,0,3,1,2,154,8,10,1958,0,1
1405,0,0,0,8,107,4,7,2376,0,2
798,1,6,1,21,110,2,12,1647,0,1
1035,0,1,0,40,157,5,15,3548,1,3
1396,0,0,0,37,134,4,15,2694,1,2
1749,1,7,1,49,178,1,8,2195,1,2
1588,0,12,1,4,148,5,20,2506,0,2
1600,0,1,1,16,94,4,16,2073,0,2
1522,0,4,0,21,162,6,11,3767,1,3
1279,0,5,1,7,105,6,6,1150,0,1
719,0,7,0,6,102,6,8,841,0,0
544,1,2,1,7,129,5,15,1675,0,0
1007,1,5,1,21,185,8,12,1301,0,0
590,1,0,0,32,141,6,1,1817,0,0
1788,0,0,1,6,141,6,16,2321,0,2
748,0,0,0,25,110,7,14,1974,1,1
757,1,4,0,64,157,7,5,3433,0,2
1561,1,1,1,27,174,3,10,1205,0,1
1327,0,10,0,23,89,7,16,872,1,0
797,1,4,0,18,81,8,20,2052,1,1
727,1,0,1,64,193,1,9,3654,0,3
686,1,0,0,36,194,4,1,1503,0,0
1515,1,4,1,24,176,5,6,3104,0,3
555,1,2,0,17,163,5,12,343,1,0
1589,0,0,0,5,112,5,2,3430,1,3
1976,1,6,0,45,136,4,19,2470,0,3
1884,1,3,0,24,149,6,4,1396,1,1
1063,0,0,0,27,86,6,7,2668,0,2
672,1,13,0,61,194,5,20,1457,1,0
635,0,9,0,16,110,7,17,2452,0,2
1906,1,3,0,55,113,3,4,1871,1,1
1753,0,4,0,40,191,4,11,1112,1,1
659,1,2,1,3,85,8,6,967,1,0
1583,1,0,0,14,148,2,4,2498,1,2
1783,1,2,0,42,104,6,8,387,0,1
1667,1,0,1,21,138,2,0,635,0,0
640,1,5,1,6,143,8,20,2711,0,2
1913,0,0,0,29,111,5,4,2023,0,2
538,1,0,1,25,163,7,7,2215,1,1
1191,0,6,1,46,89,6,9,824,0,0
816,1,2,0,9,117,1,3,3851,1,3
915,1,9,1,33,199,2,16,2156,0,1
1157,0,7,0,27,88,8,8,2885,1,3
1201,0,2,0,10,99,7,7,495,1,0
1379,1,1,1,18,129,2,16,2358,0,2
1483,0,3,1,53,169,5,11,1744,0,1
1614,0,1,1,9,161,3,2,1832,0,1
930,1,4,1,4,144,8,10,2016,1,1
1454,0,8,0,6,199,3,20,1300,1,1
1784,0,4,0,41,164,6,20,2313,0,2
1262,1,12,0,34,149,5,16,3248,1,2
797,1,0,0,37,144,7,2,2216,0,1
1829,0,8,0,59,91,5,15,3142,1,3
1139,1,6,1,58,161,2,11,1850,0,1
618,0,9,1,13,80,4,15,1424,0,0
1547,0,2,0,57,114,1,3,1620,1,1
586,0,2,0,15,83,3,11,2592,0,1
1617,0,8,1,36,85,1,9,296,0,0
1882,0,11,1,44,113,8,19,3579,0,3
674,1,1,0,21,198,3,4,1180,1,0
1467,0,0,0,18,122,5,0,3962,1,3
858,0,1,0,50,84,1,2,3978,0,3
794,1,0,1,2,106,6,14,668,0,0
1965,1,0,0,39,187,4,3,2032,1,2
1911,1,1,1,36,108,8,3,3057,0,3
1512,0,4,1,46,145,5,5,869,1,0
510,1,5,1,45,168,6,16,3919,1,3
